ts,temp_avg,rh_avg,vpd_avg,dew_point,flow_gpm,water_total_gal,mister_water_today,outdoor_temp_f,outdoor_rh_pct
2026-09-04 20:30:30.128567+00,87.31999969482422,53,2.127016544342041,68.0854721069336,1,580,157.3796844482422,92.01200103759766,18.989999771118164
2026-09-04 20:31:34.467666+00,87.68000030517578,52.766666412353516,2.1588363647460938,68.28883361816406,1,581,157.3796844482422,91.88600158691406,19.619998931884766
2026-09-04 20:32:38.889636+00,87.8600082397461,52.30000305175781,2.1847028732299805,68.19599914550781,0,581,157.3796844482422,91.86799621582031,19.469999313354492
2026-09-04 20:33:43.415068+00,88.04000091552734,52.06666946411133,2.226348638534546,68.2314453125,1,582,157.3796844482422,91.95799255371094,18.94999885559082
2026-09-04 20:34:47.795642+00,88.0999984741211,51.866668701171875,2.2596123218536377,68.17460632324219,0.9999833106994629,583,157.3796844482422,92.318,18.95
2026-09-04 20:35:52.680562+00,88.10000610351562,51.83333206176758,2.2312169075012207,68.15589904785156,1,584,157.3796844482422,92.31800079345703,18.94999885559082
2026-09-04 20:36:57.142651+00,88.16000366210938,51.866668701171875,2.2322046756744385,68.2297592163086,0.9999499917030334,585,157.3796844482422,92.30000305175781,20.1299991607666
2026-09-04 20:38:01.905576+00,88.27999877929688,51.466670989990234,2.259885311126709,68.1147232055664,0.9999833106994629,586,157.3796844482422,92.31800079345703,19.19999885559082
2026-09-04 20:39:06.801533+00,88.5199966430664,50.66666793823242,2.2669830322265625,67.87936401367188,0,586,157.3796844482422,92.37200164794922,18.65999984741211
2026-09-04 20:40:11.549348+00,88.76000213623047,50.60000228881836,2.3374178409576416,68.0610122680664,1,587,157.3796844482422,92.462,17.88
2026-09-04 20:41:11.832423+00,88.82000732421875,50,2.3727853298187256,67.76922607421875,0.9999833106994629,588,157.3796844482422,92.46199798583984,17.8799991607666
2026-09-04 20:42:16.589871+00,88.8800048828125,49.56666946411133,2.3660974502563477,67.57134246826172,1,589,157.3796844482422,92.53400421142578,17.869998931884766
2026-09-04 20:43:20.595135+00,88.94000244140625,49.633331298828125,2.395386219024658,67.66519165039062,0,589,157.3796844482422,92.64199829101562,17.709999084472656
2026-09-04 20:44:24.542642+00,89,49.5,2.4066083431243896,67.64192962646484,1.000016689300537,590,157.3796844482422,92.64199829101562,17.59000015258789
2026-09-04 20:45:28.844516+00,89.1199951171875,47.93333435058594,2.4874801635742188,66.81925964355469,0.9999833106994629,591,157.3796844482422,92.66,17.55
2026-09-04 20:46:33.18875+00,89.23999786376953,48.83333206176758,2.4510858058929443,67.41277313232422,0,591,157.3796844482422,92.66000366210938,17.549999237060547
2026-09-04 20:47:37.65221+00,89.3600082397461,48.63333511352539,2.483027696609497,67.45787811279297,0.9999666810035706,592,157.3796844482422,92.66000366210938,17.549999237060547
2026-09-04 20:48:38.168638+00,89.42000579833984,48.266666412353516,2.5070762634277344,67.29307556152344,0.9999666810035706,593,157.3796844482422,92.76799774169922,17.35999870300293
2026-09-04 20:49:43.040958+00,89.4800033569336,48.60000228881836,2.5026440620422363,67.54736328125,0.9999833106994629,594,157.3796844482422,92.93,17.29
2026-09-04 20:50:47.77238+00,89.54000091552734,48.90000534057617,2.4988601207733154,67.78076171875,0,594,157.3796844482422,92.93000030517578,17.329999923706055
2026-09-04 20:51:48.099142+00,89.60000610351562,49,2.4827234745025635,67.89486694335938,0.9999833106994629,595,157.3796844482422,92.98400115966797,17.28999900817871
2026-09-04 20:52:52.381684+00,89.66000366210938,48.4666633605957,2.5015623569488525,67.63166809082031,0,596,157.3796844482422,93.00199890136719,17.670000076293945
2026-09-04 20:53:56.636818+00,89.66000366210938,48.0333366394043,2.5206000804901123,67.37108612060547,0.9999333620071411,597,157.3796844482422,93.0739974975586,17.78999900817871
2026-09-04 20:55:00.72757+00,89.72000122070312,47.766666412353516,2.536135673522949,67.26426696777344,1,598,157.3796844482422,93.182,16.95
2026-09-04 20:56:04.98864+00,89.84000396728516,48.39999771118164,2.5172102451324463,67.75569152832031,1,599,157.3796844482422,93.18199157714844,16.94999885559082
2026-09-04 20:57:09.770906+00,90.0199966430664,48.133331298828125,2.5685412883758545,67.75912475585938,0,599,157.3796844482422,93.21800231933594,16.239999771118164
2026-09-04 20:58:14.229315+00,90.14000701904297,44.733333587646484,2.7114593982696533,65.74920654296875,0.9999333620071411,600,157.3796844482422,93.28999328613281,16.619998931884766
2026-09-04 20:59:14.374096+00,90.6199951171875,34.79999923706055,3.0986688137054443,59.04985427856445,0,600,157.3796844482422,93.343994140625,17.59000015258789
2026-09-04 21:00:18.579112+00,91.45999145507812,29.100000381469727,3.5031588077545166,54.82036590576172,0,600,157.3796844482422,93.506,16.77
2026-09-04 21:01:23.472627+00,92.35999298095703,26.399999618530273,3.8519229888916016,52.92396926879883,0,600,157.3796844482422,93.50599670410156,16.770000457763672
2026-09-04 21:02:27.898545+00,93.20000457763672,26,3.979654312133789,53.2170295715332,0,600,157.3796844482422,93.6500015258789,16.35999870300293
2026-09-04 21:03:32.105618+00,93.92000579833984,24.83333396911621,4.128661155700684,52.572914123535156,0,600,157.3796844482422,93.6500015258789,16.35999870300293
2026-09-04 21:04:35.904839+00,94.82000732421875,24.400001525878906,4.242881774902344,52.84759521484375,0,600,157.3796844482422,94.01,16.71
2026-09-04 21:05:39.76023+00,95.3600082397461,23.23333168029785,4.364777088165283,51.96730422973633,0,600,157.3796844482422,94.13600158691406,16.81999969482422
2026-09-04 21:06:44.057688+00,95.77999877929688,22.633333206176758,4.464496612548828,51.60723114013672,0,600,157.3796844482422,94.01000213623047,16.709999084472656
2026-09-04 21:07:44.474753+00,96.260009765625,22.30000114440918,4.556136608123779,51.602928161621094,0,600,157.3796844482422,93.8479995727539,17.440000534057617
2026-09-04 21:08:49.300577+00,96.68000030517578,22.03333282470703,4.65543794631958,51.624267578125,0,600,157.3796844482422,93.73999786376953,17.459999084472656
2026-09-04 21:09:53.215691+00,97.04000091552734,21.76666831970215,4.72274923324585,51.59164047241211,0,600,157.3796844482422,93.722,17.04
2026-09-04 21:10:57.494697+00,97.45999908447266,21.399999618530273,4.802003383636475,51.4777717590332,0,600,157.3796844482422,93.72200012207031,17.03999900817871
2026-09-04 21:12:02.308699+00,97.82000732421875,20.633333206176758,4.904116153717041,50.788047790527344,0,600,157.3796844482422,93.72200012207031,17.190000534057617
2026-09-04 21:13:06.970805+00,98.29999542236328,21.133333206176758,4.959334373474121,51.82829284667969,0,600,157.3796844482422,93.72200012207031,17.190000534057617
2026-09-04 21:14:11.69055+00,98.5999984741211,20.566667556762695,4.985172748565674,51.338741302490234,0,600,157.3796844482422,93.7760009765625,17.25
2026-09-04 21:15:16.361587+00,98.7800064086914,20.433334350585938,5.052847385406494,51.31011962890625,0,600,157.3796844482422,93.83,17.11
2026-09-04 21:16:16.961601+00,99.0199966430664,20.433334350585938,5.102949619293213,51.506187438964844,0,600,157.3796844482422,93.75799560546875,17.25
2026-09-04 21:17:17.540728+00,99.1399917602539,20.700002670288086,5.121747970581055,51.955299377441406,0,600,157.3796844482422,93.75799560546875,17.25
2026-09-04 21:18:22.331159+00,99.44000244140625,20.600000381469727,5.1461310386657715,52.06941604614258,0,600,157.3796844482422,94.08199310302734,17.489999771118164
2026-09-04 21:19:26.393285+00,99.55999755859375,20.19999885559082,5.185616970062256,51.63629913330078,0,600,157.3796844482422,94.15399932861328,17.579999923706055
2026-09-04 21:20:30.687972+00,99.73999786376953,19.96666717529297,5.22699499130249,51.46873474121094,0,600,157.3796844482422,94.208,17.82
2026-09-04 21:21:35.266651+00,100.04000091552734,19.400001525878906,5.290975570678711,50.935089111328125,0,600,157.3796844482422,94.20799255371094,17.81999969482422
2026-09-04 21:22:39.564698+00,100.04000091552734,19.30000114440918,5.3433661460876465,50.79572296142578,0,600,157.3796844482422,94.22599792480469,16.8799991607666
2026-09-04 21:23:40.689523+00,100.0999984741211,18.766666412353516,5.386267185211182,50.09005355834961,0,600,157.3796844482422,94.0999984741211,16.219999313354492
2026-09-04 21:24:45.304292+00,100.22000122070312,19.433332443237305,5.351978302001953,51.12748336791992,0,600,157.3796844482422,93.614,16.54
2026-09-04 21:25:50.504153+00,100.0999984741211,19.30000114440918,5.318362712860107,50.84436798095703,0,600,157.3796844482422,93.72200012207031,17.19999885559082
2026-09-04 21:26:50.693555+00,100.16000366210938,19.366666793823242,5.321774959564209,50.98604965209961,0,600,157.3796844482422,93.61399841308594,16.56999969482422
2026-09-04 21:27:54.697857+00,100.27999877929688,19.83333396911621,5.320497512817383,51.7270393371582,0,600,157.3796844482422,93.70399475097656,17.529998779296875
2026-09-04 21:28:58.993229+00,100.39999389648438,20,5.325061321258545,52.0514030456543,0,600,157.3796844482422,93.83000183105469,17.389999389648438
2026-09-04 21:30:02.784767+00,100.45999908447266,19.533334732055664,5.347109317779541,51.412269592285156,0,600,157.3796844482422,94.136,17.76
2026-09-04 21:31:07.094647+00,100.5199966430664,19.033334732055664,5.401672840118408,50.80955123901367,0,600,157.3796844482422,94.13600158691406,17.760000228881836
2026-09-04 21:32:11.617181+00,100.5199966430664,18.83333396911621,5.416261196136475,50.524940490722656,0,600,157.3796844482422,94.15399932861328,16.889999389648438
2026-09-04 21:33:11.636377+00,100.57999420166016,19.100000381469727,5.406928539276123,50.952415466308594,0,600,157.3796844482422,94.17200469970703,16.90999984741211
2026-09-04 21:34:15.139696+00,100.34000396728516,18.533334732055664,5.403138637542725,49.947784423828125,0,600,157.3796844482422,94.2439956665039,16.10999870300293
2026-09-04 21:35:15.20083+00,100.27999877929688,18.666667938232422,5.38006067276001,50.091915130615234,0,600,157.3796844482422,94.298,17.2
2026-09-04 21:36:19.978225+00,100.04000091552734,18.133333206176758,5.382668972015381,49.12113952636719,0,600,157.3796844482422,94.2979965209961,17.19999885559082
2026-09-04 21:37:24.309305+00,99.9800033569336,18.433334350585938,5.352474212646484,49.51219940185547,0,600,157.3796844482422,94.31599426269531,16.709999084472656
2026-09-04 21:38:28.535969+00,99.8600082397461,18.633333206176758,5.338551998138428,49.70472717285156,0,600,157.3796844482422,94.35200500488281,16.869998931884766
2026-09-04 21:39:32.193301+00,99.73999786376953,18.5,5.322941303253174,49.415313720703125,0,600,157.3796844482422,94.442,17.11
2026-09-04 21:40:36.362816+00,99.55999755859375,18.80000114440918,5.253885746002197,49.70115661621094,0,600,157.3796844482422,94.47799682617188,17.65999984741211
2026-09-04 21:41:40.291103+00,99.43999481201172,18.733335494995117,5.24034309387207,49.50889587402344,0,600,157.3796844482422,94.44200134277344,17.10999870300293
2026-09-04 21:42:44.470725+00,99.32000732421875,19.100000381469727,5.195008754730225,49.93182373046875,0,600,157.3796844482422,94.33399963378906,16.889999389648438
2026-09-04 21:43:44.732639+00,99.20001220703125,18.866666793823242,5.189063549041748,49.50490951538086,0,600,157.3796844482422,94.27999877929688,16.989999771118164
2026-09-04 21:44:48.802335+00,98.95999908447266,18.566667556762695,5.188060760498047,48.88190841674805,0,600,157.3796844482422,94.298,16.72
2026-09-04 21:45:53.067249+00,98.84000396728516,18.80000114440918,5.151093006134033,49.118896484375,0,600,157.3796844482422,94.2979965209961,16.719999313354492
2026-09-04 21:46:54.077682+00,98.65999603271484,18.66666603088379,5.147772312164307,48.78307342529297,0,600,157.3796844482422,94.27999877929688,17.350000381469727
2026-09-04 21:47:58.713912+00,98.54000091552734,19.26666831970215,5.073201656341553,49.53251647949219,0,600,157.3796844482422,94.26200103759766,17.639999389648438
2026-09-04 21:48:59.054156+00,98.42000579833984,19.30000114440918,5.054000377655029,49.481483459472656,0,600,157.3796844482422,94.22599792480469,17.389999389648438
2026-09-04 21:50:03.38429+00,98.29999542236328,18.899999618530273,5.021123886108398,48.82377624511719,0,600,157.3796844482422,94.1,17.33
2026-09-04 21:51:08.061701+00,98.18000030517578,18.66666603088379,5.040130138397217,48.395103454589844,0,600,157.3796844482422,94.0999984741211,17.329999923706055
2026-09-04 21:52:08.699988+00,98,18.69999885559082,5.010673999786377,48.297157287597656,0,600,157.3796844482422,93.9739990234375,17.18000030517578
2026-09-04 21:53:13.475207+00,97.8800048828125,18.633333206176758,4.996239185333252,48.10498809814453,0,600,157.3796844482422,93.83000183105469,17.420000076293945
2026-09-04 21:54:17.618308+00,97.70000457763672,18.80000114440918,4.958531856536865,48.196624755859375,0,600,157.3796844482422,93.72200012207031,17.770000457763672
2026-09-04 21:55:21.202749+00,97.52001190185547,18.900001525878906,4.935539245605469,48.1922721862793,0,600,157.3796844482422,93.578,17.62
2026-09-04 21:56:25.160131+00,97.34000396728516,18.899999618530273,4.903441905975342,48.046504974365234,0,600,157.3796844482422,93.63199615478516,17.68000030517578
2026-09-04 21:57:29.630234+00,97.16000366210938,18.899999618530273,4.868466854095459,47.900718688964844,0,600,157.3796844482422,93.52400207519531,17.31999969482422
2026-09-04 21:58:34.528392+00,96.9800033569336,18.96666717529297,4.841214656829834,47.84859848022461,0,600,157.3796844482422,93.37999725341797,17.510000228881836
2026-09-04 21:59:38.778772+00,96.79999542236328,19.16666603088379,4.802852153778076,47.98176574707031,0,600,157.3796844482422,93.236,17.47
2026-09-04 22:00:43.249086+00,96.73999786376953,19.30000114440918,4.781978130340576,48.117652893066406,0,600,157.3796844482422,93.28999328613281,17.34000015258789
2026-09-04 22:01:47.953162+00,96.55999755859375,18.83333396911621,4.786239147186279,47.320926666259766,0,600,157.3796844482422,93.19999694824219,17.469999313354492
2026-09-04 22:02:53.01669+00,96.44000244140625,19.066667556762695,4.753929138183594,47.55064392089844,0,600,157.3796844482422,93.18199157714844,17.260000228881836
2026-09-04 22:03:53.071676+00,96.3800048828125,18.83333396911621,4.75701379776001,47.17517852783203,0,600,157.3796844482422,93.21800231933594,17.28999900817871
2026-09-04 22:04:57.203167+00,96.19998931884766,18.899999618530273,4.728822708129883,47.12306213378906,0,600,157.3796844482422,93.416,16.8
2026-09-04 22:06:01.806415+00,96.07999420166016,19.46666717529297,4.697198867797852,47.81019973754883,0,600,157.3796844482422,93.41600036621094,16.799999237060547
2026-09-04 22:07:06.498113+00,95.9000015258789,19.69999885559082,4.643404006958008,47.98076629638672,0,600,157.3796844482422,93.54199981689453,17.28999900817871
2026-09-04 22:08:11.444691+00,95.83999633789062,19.76666831970215,4.631139278411865,48.02182388305664,0,600,157.3796844482422,93.68599700927734,17.190000534057617
2026-09-04 22:09:16.073327+00,95.65999603271484,19.633333206176758,4.621641635894775,47.6951789855957,0,600,157.3796844482422,93.83000183105469,17.1299991607666
2026-09-04 22:10:20.955743+00,95.54000091552734,19.69999885559082,4.590604305267334,47.68757629394531,0,600,157.3796844482422,94.208,17.26
2026-09-04 22:11:25.512703+00,95.42000579833984,19.366666793823242,4.592612266540527,47.13685989379883,0,600,157.3796844482422,94.20799255371094,17.260000228881836
2026-09-04 22:12:30.366689+00,95.30001068115234,19.19999885559082,4.585489749908447,46.81034469604492,0,600,157.3796844482422,94.2979965209961,17.469999313354492
2026-09-04 22:13:34.648233+00,95.05999755859375,19.19999885559082,4.556300163269043,46.615440368652344,0,600,157.3796844482422,94.27999877929688,17.059999465942383
2026-09-04 22:14:39.865877+00,94.87999725341797,19.26666831970215,4.533104419708252,46.560916900634766,0,600,157.3796844482422,94.226,17.74
2026-09-04 22:15:44.161186+00,94.81999969482422,19.53333282470703,4.497648239135742,46.875938415527344,0,600,157.3796844482422,94.22599792480469,17.209999084472656
2026-09-04 22:16:49.078062+00,94.64000701904297,19.66666603088379,4.4673309326171875,46.909568786621094,0,600,157.3796844482422,94.2439956665039,17.739999771118164
2026-09-04 22:17:54.510138+00,94.5199966430664,19.66666603088379,4.450990676879883,46.811805725097656,0,600,157.3796844482422,94.15399932861328,17.06999969482422
2026-09-04 22:18:58.847665+00,94.34000396728516,19.900001525878906,4.413660526275635,46.97748947143555,0,600,157.3796844482422,94.15399932861328,17.06999969482422
2026-09-04 22:20:03.654226+00,94.16000366210938,20,4.37080192565918,47.270957946777344,0,600,157.3796844482422,93.74,17.81
2026-09-04 22:21:03.752956+00,93.9800033569336,19.80000114440918,4.378115177154541,47.09560012817383,0,600,157.3796844482422,93.73999786376953,17.809999465942383
2026-09-04 22:22:04.020788+00,93.80001068115234,19.96666717529297,4.360508441925049,46.546051025390625,0,600,157.3796844482422,93.56000518798828,18.03999900817871
2026-09-04 22:23:08.438692+00,93.6199951171875,20.33333396911621,4.314077854156494,46.960018157958984,0,600,157.3796844482422,93.32600402832031,17.75
2026-09-04 22:24:13.03114+00,93.55999755859375,20.16666603088379,4.313281059265137,46.693016052246094,0,600,157.3796844482422,93.32600402832031,17.75
2026-09-04 22:25:17.212642+00,93.5,20.5,4.271697521209717,47.07814407348633,0,600,157.3796844482422,92.84,18.33
2026-09-04 22:26:17.365776+00,93.5,20.19999885559082,4.289896488189697,46.68766784667969,0,600,157.3796844482422,92.83999633789062,18.329999923706055
2026-09-04 22:27:22.200313+00,93.44000244140625,20.5,4.2604660987854,47.02900695800781,0,600,157.3796844482422,92.82200622558594,18.309999465942383
2026-09-04 22:28:22.416267+00,93.31999969482422,20.66666603088379,4.235734462738037,47.14533615112305,0,600,157.3796844482422,92.80400085449219,18.639999389648438
2026-09-04 22:29:26.919179+00,93.31999969482422,20.399999618530273,4.249979496002197,46.80120849609375,0,600,157.3796844482422,92.83999633789062,18.559999465942383
2026-09-04 22:30:31.810294+00,93.20000457763672,20.83333396911621,4.211060047149658,47.25995635986328,0,600,157.3796844482422,92.984,18.82
2026-09-04 22:31:32.102436+00,93.1399917602539,20.733333587646484,4.208501815795898,47.08311462402344,0,600,157.3796844482422,92.98400115966797,18.81999969482422
2026-09-04 22:32:32.27629+00,93.0199966430664,20.33333396911621,4.214061260223389,46.469058990478516,0,600,157.3796844482422,93.05599212646484,18.059999465942383
2026-09-04 22:33:36.847513+00,92.95999908447266,20.566667556762695,4.202803134918213,46.72174835205078,0,600,157.3796844482422,93.05599212646484,18.059999465942383
2026-09-04 22:34:41.357634+00,92.77999877929688,20.366666793823242,4.181728839874268,46.31591033935547,0,600,157.3796844482422,93.092,18.16
2026-09-04 22:35:45.328701+00,92.72000122070312,20.133333206176758,4.178642749786377,45.96266174316406,0,600,157.3796844482422,93.0739974975586,18.229999542236328
2026-09-04 22:36:46.022678+00,92.60000610351562,20.733333587646484,4.153558254241943,46.64015197753906,0,600,157.3796844482422,93.09199523925781,18.15999984741211
2026-09-04 22:37:46.188702+00,92.4800033569336,20.633333206176758,4.133758544921875,46.41386413574219,0,600,157.3796844482422,93.05599212646484,17.510000228881836
2026-09-04 22:38:50.855847+00,92.42000579833984,20.633333206176758,4.1209845542907715,46.36466979980469,0,600,157.3796844482422,92.91200256347656,18.209999084472656
2026-09-04 22:39:55.277688+00,92.3600082397461,20.900001525878906,4.099328994750977,46.65498733520508,0,600,157.3796844482422,92.966,18.02
2026-09-04 22:40:55.748245+00,92.23999786376953,20.83333396911621,4.087558269500732,46.4719352722168,0,600,157.3796844482422,92.96599578857422,18.020000457763672
2026-09-04 22:41:59.720603+00,92.23999786376953,20.633333206176758,4.097923755645752,46.21705627441406,0,600,157.3796844482422,93.00199890136719,18.239999771118164
2026-09-04 22:43:04.376234+00,92.12000274658203,20.733335494995117,4.073962688446045,46.246307373046875,0,600,157.3796844482422,93.05599212646484,17.739999771118164
2026-09-04 22:44:05.007162+00,92,20.733335494995117,4.0520782470703125,46.14783477783203,0,600,157.3796844482422,93.09199523925781,17.959999084472656
2026-09-04 22:45:09.359112+00,92,21.100000381469727,4.038349628448486,46.61109161376953,0,600,157.3796844482422,93.02,18.09
2026-09-04 22:46:13.800689+00,91.94000244140625,21.399999618530273,4.015520095825195,46.93546676635742,0,600,157.3796844482422,93.0199966430664,18.09000015258789
2026-09-04 22:47:18.462918+00,91.94000244140625,21.16666603088379,4.018815517425537,46.645206451416016,0,600,157.3796844482422,92.96599578857422,18.559999465942383
2026-09-04 22:48:19.588695+00,91.94000244140625,21.133333206176758,4.034124374389648,46.60350799560547,0,600,157.3796844482422,92.947998046875,18.440000534057617
2026-09-04 22:49:24.224602+00,91.82000732421875,21.566667556762695,3.9970808029174805,47.04215621948242,0,600,157.3796844482422,92.98400115966797,18.25
2026-09-04 22:50:24.23735+00,91.82000732421875,21.66666603088379,3.9920225143432617,47.16480255126953,0,600,157.3796844482422,93.182,17.89
2026-09-04 22:51:28.941717+00,91.82000732421875,21.73333168029785,3.988612174987793,47.24629211425781,0,600,157.3796844482422,93.18199157714844,17.889999389648438
2026-09-04 22:52:29.133286+00,91.82000732421875,21.73333168029785,3.988459587097168,47.24629211425781,0,600,157.3796844482422,93.343994140625,17.639999389648438
2026-09-04 22:53:29.347663+00,91.760009765625,21.33333396911621,4.001519680023193,46.7046012878418,0,600,157.3796844482422,93.39799499511719,18.1299991607666
2026-09-04 22:54:33.837635+00,91.760009765625,21.600000381469727,3.998318672180176,47.033607482910156,0,600,157.3796844482422,93.452,18.71
2026-09-04 22:55:38.544639+00,91.70000457763672,21.866666793823242,3.9806387424468994,47.309513092041016,0,600,157.3796844482422,93.39799499511719,17.920000076293945
2026-09-04 22:56:38.650989+00,91.70000457763672,21.73333168029785,3.9702842235565186,47.147254943847656,0,600,157.3796844482422,93.4520034790039,18.709999084472656
2026-09-04 22:57:43.149762+00,91.70000457763672,21.600000381469727,3.9686546325683594,46.984127044677734,0,600,157.3796844482422,93.4520034790039,18.529998779296875
2026-09-04 22:58:47.509174+00,91.57999420166016,21.433334350585938,3.9851436614990234,46.68006896972656,0,600,157.3796844482422,93.4520034790039,17.520000457763672
2026-09-04 22:59:52.194419+00,91.6399917602539,21.66666603088379,3.971477508544922,47.01628112792969,0,600,157.3796844482422,93.506,17.31
2026-09-04 23:00:56.949193+00,91.6399917602539,21.66666603088379,3.968001127243042,47.01628112792969,0,600,157.3796844482422,93.50599670410156,17.309999465942383
2026-09-04 23:01:58.489791+00,91.5199966430664,21.066667556762695,3.9871604442596436,46.174591064453125,0,600,157.3796844482422,93.52400207519531,17.43000030517578
2026-09-04 23:02:59.87528+00,91.57999420166016,21.5,3.971430540084839,46.762264251708984,0,600,157.3796844482422,93.52400207519531,17.75
2026-09-04 23:04:01.065152+00,91.45999908447266,21.73333168029785,3.9461803436279297,46.94915008544922,0,600,157.3796844482422,93.52400207519531,18.1299991607666
2026-09-04 23:05:02.308669+00,91.45999908447266,21.73333168029785,3.9498062133789062,46.94915008544922,0,600,157.3796844482422,93.488,18.31
2026-09-04 23:06:03.64997+00,91.4000015258789,21.83333396911621,3.9306888580322266,47.021270751953125,0,600,157.3796844482422,93.48799896240234,18.309999465942383
2026-09-04 23:07:05.295721+00,91.4000015258789,21.76666831970215,3.9373867511749268,46.94023895263672,0,600,157.3796844482422,93.41600036621094,18.170000076293945
2026-09-04 23:08:06.652837+00,91.4000015258789,22,3.93230938911438,47.22290802001953,0,600,157.3796844482422,93.37999725341797,18.56999969482422
2026-09-04 23:09:07.796535+00,91.4000015258789,22.5,3.903803825378418,47.81985855102539,0,600,157.3796844482422,93.36199951171875,18.579999923706055
2026-09-04 23:10:08.933224+00,91.45999908447266,22.30000114440918,3.91405987739563,47.63216018676758,0,600,157.3796844482422,93.236,18.71
2026-09-04 23:11:09.978255+00,91.4000015258789,22.30000114440918,3.905731201171875,47.582496643066406,0,600,157.3796844482422,93.23600006103516,18.709999084472656
2026-09-04 23:12:11.398427+00,91.34000396728516,22.16666603088379,3.904881715774536,47.373558044433594,0,600,157.3796844482422,93.12799835205078,18.440000534057617
2026-09-04 23:13:12.686688+00,91.2800064086914,22.600000381469727,3.8826541900634766,47.83832550048828,0,600,157.3796844482422,93.03800201416016,18.56999969482422
2026-09-04 23:14:13.968697+00,91.22000885009766,22.26666831970215,3.883535385131836,47.39373779296875,0,600,157.3796844482422,93.03800201416016,18.56999969482422
2026-09-04 23:15:15.018773+00,91.16000366210938,22.19999885559082,3.8953189849853516,47.26447677612305,0,600,157.3796844482422,92.606,19.05
2026-09-04 23:16:16.052402+00,91.0999984741211,22.30000114440918,3.8756263256073,47.33407974243164,0,600,157.3796844482422,92.60599517822266,19.049999237060547
2026-09-04 23:17:17.281577+00,91.0999984741211,22.433334350585938,3.870623826980591,47.49235534667969,0,600,157.3796844482422,92.49800109863281,19.09000015258789
2026-09-04 23:18:18.354685+00,91.0999984741211,22.23333168029785,3.8684298992156982,47.2049560546875,0,600,157.3796844482422,92.37200164794922,18.939998626708984
2026-09-04 23:19:19.982748+00,91.04000091552734,22.600000381469727,3.84326171875,47.63926315307617,0,600,157.3796844482422,92.30000305175781,19.119998931884766
2026-09-04 23:20:21.060562+00,90.92000579833984,22.866666793823242,3.8265419006347656,47.85158157348633,0,600,157.3796844482422,92.174,19.42
2026-09-04 23:21:22.118049+00,90.92000579833984,23.133333206176758,3.820863723754883,48.160240173339844,0,600,157.3796844482422,92.17399597167969,19.420000076293945
2026-09-04 23:22:23.803662+00,91.04000091552734,22.933334350585938,3.819974184036255,48.02874755859375,0,600,157.3796844482422,92.08399963378906,19.69999885559082
2026-09-04 23:23:24.819784+00,91.15999603271484,22.933334350585938,3.8476505279541016,48.128448486328125,0,600,157.3796844482422,92.02999877929688,19.44999885559082
2026-09-04 23:24:25.998526+00,91.2199935913086,22.80000114440918,3.868314504623413,48.02300262451172,0,600,157.3796844482422,92.02999877929688,19.44999885559082
2026-09-04 23:25:27.202307+00,91.2199935913086,22.866668701171875,3.857529878616333,48.10074996948242,0,600,157.3796844482422,92.03,19.59
2026-09-04 23:26:28.428395+00,91.2199935913086,23.03333282470703,3.8510665893554688,48.29424285888672,0,600,157.3796844482422,92.02999877929688,19.59000015258789
2026-09-04 23:27:29.706462+00,91.22000885009766,23.19999885559082,3.8284833431243896,48.48652648925781,0,600,157.3796844482422,92.02999877929688,19.59000015258789
2026-09-04 23:28:31.091297+00,91.0999984741211,23.066667556762695,3.8343772888183594,48.2330322265625,0,600,157.3796844482422,92.01200103759766,19.60999870300293
2026-09-04 23:29:32.181862+00,91.04000091552734,23.100000381469727,3.8186769485473633,48.22161865234375,0,600,157.3796844482422,91.95799255371094,19.779998779296875
2026-09-04 23:30:33.047644+00,90.85999298095703,22.866666793823242,3.822540044784546,47.85158157348633,0,600,157.3796844482422,91.688,19.58
2026-09-04 23:31:34.309254+00,90.68000030517578,22.80000114440918,3.8027942180633545,47.574623107910156,0,600,157.3796844482422,91.68800354003906,19.579999923706055
2026-09-04 23:32:35.659245+00,90.62000274658203,22.73333168029785,3.793125867843628,47.447025299072266,0,600,157.3796844482422,91.48999786376953,19.869998931884766
2026-09-04 23:33:36.832205+00,90.44000244140625,22.600000381469727,3.7750749588012695,47.14155197143555,0,600,157.3796844482422,91.31000518798828,19.94999885559082
2026-09-04 23:34:38.127362+00,90.3800048828125,22.733335494995117,3.764709711074829,47.24778747558594,0,600,157.3796844482422,91.12999725341797,20.139999389648438
2026-09-04 23:35:39.192531+00,90.32000732421875,22.83333396911621,3.7527010440826416,47.314430236816406,0,600,157.3796844482422,90.806,20.09
2026-09-04 23:36:40.07318+00,90.260009765625,23.033334732055664,3.735720634460449,47.49609375,0,600,157.3796844482422,90.80599212646484,20.09000015258789
2026-09-04 23:37:41.275707+00,90.32000732421875,23.366668701171875,3.7194907665252686,47.92802810668945,0,600,157.3796844482422,90.68000030517578,20.15999984741211
2026-09-04 23:38:42.478656+00,90.44000244140625,23.133333206176758,3.7538812160491943,47.76093673706055,0,600,157.3796844482422,90.57200622558594,20.439998626708984
2026-09-04 23:39:43.609683+00,90.5,23.066667556762695,3.761031150817871,47.734107971191406,0,600,157.3796844482422,90.554,20.47
2026-09-04 23:40:44.6409+00,90.5,23.633333206176758,3.738161087036133,48.38034439086914,0,600,157.3796844482422,90.51799774169922,20.229999542236328
2026-09-04 23:41:45.865398+00,90.5,23.5,3.739910125732422,48.22952651977539,0,600,157.3796844482422,90.55400085449219,20.469999313354492
2026-09-04 23:42:47.07755+00,90.55999755859375,23.69999885559082,3.7317819595336914,48.505523681640625,0,600,157.3796844482422,90.58999633789062,20.829999923706055
2026-09-04 23:43:48.407997+00,90.55999755859375,23.46666717529297,3.7470614910125732,48.24169921875,0,600,157.3796844482422,90.6259994506836,20.93000030517578
2026-09-04 23:44:49.400683+00,90.73999786376953,23.83333396911621,3.7617568969726562,48.805538177490234,0,600,157.3796844482422,90.86,19.93
2026-09-04 23:45:50.517611+00,90.80001068115234,23.33333396911621,3.78536057472229,48.289756774902344,0,600,157.3796844482422,90.6259994506836,20.93000030517578
2026-09-04 23:46:51.855072+00,90.8600082397461,23.200002670288086,3.800670862197876,48.186988830566406,0,600,157.3796844482422,90.6259994506836,20.93000030517578
2026-09-04 23:47:52.900269+00,90.80001068115234,23.26666831970215,3.790297508239746,48.21350860595703,0,600,157.3796844482422,90.6259994506836,20.93000030517578
2026-09-04 23:48:54.486029+00,90.8600082397461,23.80000114440918,3.769437551498413,48.868324279785156,0,600,157.3796844482422,91.11199951171875,20.53999900817871
2026-09-04 23:49:55.501651+00,90.92000579833984,23.83333396911621,3.7750041484832764,48.95581817626953,0,600,157.3796844482422,91.274,20.22
2026-09-04 23:50:56.463142+00,90.92000579833984,24.23333168029785,3.7551441192626953,49.401248931884766,0,600,157.3796844482422,91.2020034790039,20.5
2026-09-04 23:51:57.588577+00,90.8600082397461,24,3.759516954421997,49.09207534790039,0,600,157.3796844482422,91.2020034790039,20.5
2026-09-04 23:52:59.568621+00,90.92000579833984,23.53333282470703,3.7896625995635986,48.617401123046875,0,600,157.3796844482422,91.34599304199219,20.510000228881836
2026-09-04 23:54:00.711158+00,90.92000579833984,23.633333206176758,3.784698247909546,48.730628967285156,0,600,157.3796844482422,91.34599304199219,20.510000228881836
2026-09-04 23:55:01.765203+00,90.8600082397461,23.46666717529297,3.785659074783325,48.491695404052734,0,600,157.3796844482422,91.346,20.23
2026-09-04 23:56:02.998048+00,90.8600082397461,23.633333206176758,3.777480363845825,48.68059158325195,0,600,157.3796844482422,91.34599304199219,20.229999542236328
2026-09-04 23:57:04.225148+00,90.80001068115234,23.566667556762695,3.771956443786621,48.555152893066406,0,600,157.3796844482422,91.29199981689453,20.149999618530273
2026-09-04 23:58:05.323441+00,90.73999786376953,23.26666831970215,3.7850351333618164,48.163551330566406,0,600,157.3796844482422,91.25599670410156,20.279998779296875
2026-09-04 23:59:06.742195+00,90.73999786376953,23.433334350585938,3.7682602405548096,48.353782653808594,0,600,157.3796844482422,91.2020034790039,20.75
2026-09-05 00:00:07.827394+00,90.62000274658203,23.566665649414062,3.757908821105957,48.40507507324219,0,600,157.3796844482422,91.112,20.23
2026-09-05 00:01:09.051671+00,90.62000274658203,23.600000381469727,3.7540225982666016,48.442771911621094,0,600,157.3796844482422,91.11199951171875,20.229999542236328
2026-09-05 00:02:10.259536+00,90.55999755859375,23.933334350585938,3.7328014373779297,48.767086029052734,0,600,157.3796844482422,91.03999328613281,20.420000076293945
2026-09-05 00:03:11.542339+00,90.44000244140625,23.600000381469727,3.738184928894043,48.29267120361328,0,600,157.3796844482422,90.98600006103516,20.6299991607666
2026-09-05 00:04:12.712752+00,90.3800048828125,23.200002670288086,3.732985258102417,47.78754425048828,0,600,157.3796844482422,90.89599609375,20.44999885559082
2026-09-05 00:05:13.803712+00,90.3800048828125,23.26666831970215,3.7421281337738037,47.863868713378906,0,600,157.3796844482422,90.734,20.62
2026-09-05 00:06:14.908642+00,90.31999969482422,23.33333396911621,3.7291042804718018,47.89002990722656,0,600,157.3796844482422,90.73400115966797,20.619998931884766
2026-09-05 00:07:16.376965+00,90.20000457763672,23.73333168029785,3.701693296432495,48.24260330200195,0,600,157.3796844482422,90.66200256347656,20.739999771118164
2026-09-05 00:08:17.413272+00,90.20000457763672,23.80000114440918,3.692021131515503,48.31737518310547,0,600,157.3796844482422,90.58999633789062,20.65999984741211
2026-09-05 00:09:18.394694+00,90.14000701904297,24.200002670288086,3.6790616512298584,48.71195983886719,0,600,157.3796844482422,90.51799774169922,21.329999923706055
2026-09-05 00:10:19.600656+00,90.14000701904297,24.433334350585938,3.6543941497802734,48.96836853027344,0,600,157.3796844482422,90.428,21.09
2026-09-05 00:11:20.486279+00,90.07999420166016,24.26666831970215,3.6554930210113525,48.7352180480957,0,600,157.3796844482422,90.42799377441406,21.09000015258789
2026-09-05 00:12:21.820326+00,90.0199966430664,24.566667556762695,3.634321451187134,49.01334762573242,0,600,157.3796844482422,90.39199829101562,21.479999542236328
2026-09-05 00:13:23.554552+00,89.95999908447266,24.400001525878906,3.6354427337646484,48.781131744384766,0,600,157.3796844482422,90.35599517822266,21.029998779296875
2026-09-05 00:14:24.57613+00,89.9000015258789,30.633333206176758,3.3288938999176025,54.891578674316406,0,600,157.3796844482422,90.302001953125,21.149999618530273
2026-09-05 00:15:25.755806+00,89.42000579833984,36.66666793823242,2.992711305618286,59.45972442626953,1,601,157.3796844482422,90.248,21.6
2026-09-05 00:16:27.556125+00,88.64000701904297,40.4666633605957,2.744117498397827,61.544212341308594,1,602,157.3796844482422,90.24800109863281,21.600000381469727
2026-09-05 00:17:28.906702+00,87.92000579833984,42.93333435058594,2.5705854892730713,62.576881408691406,0,602,157.3796844482422,90.21199798583984,21.520000457763672
2026-09-05 00:18:30.067722+00,87.1399917602539,44.766666412353516,2.463695526123047,63.063541412353516,1,603,157.3796844482422,90.1760025024414,21.84000015258789
2026-09-05 00:19:30.814738+00,87.1399917602539,44.766666412353516,2.463695526123047,63.063541412353516,1,603,157.3796844482422,90.1760025024414,21.84000015258789
2026-09-05 00:20:31.877661+00,87.1399917602539,44.766666412353516,2.463695526123047,63.063541412353516,1,603,157.3796844482422,89.942,22.05
2026-09-05 00:21:32.999095+00,87.1399917602539,44.766666412353516,2.463695526123047,63.063541412353516,1,603,157.3796844482422,90.1760025024414,21.84000015258789
2026-09-05 00:22:34.449221+00,87.1399917602539,44.766666412353516,2.463695526123047,63.063541412353516,1,603,157.3796844482422,90.1760025024414,21.84000015258789
2026-09-05 00:23:35.603784+00,87.1399917602539,44.766666412353516,2.463695526123047,63.063541412353516,1,603,157.3796844482422,90.1760025024414,21.84000015258789
2026-09-05 00:24:36.970717+00,87.1399917602539,44.766666412353516,2.463695526123047,63.063541412353516,1,603,157.3796844482422,90.1760025024414,21.84000015258789
2026-09-05 00:25:38.139851+00,87.1399917602539,44.766666412353516,2.463695526123047,63.063541412353516,1,603,157.3796844482422,89.312,22.34
2026-09-05 00:26:39.846701+00,82.63999938964844,51,1.8722738027572632,62.67396545410156,1,609,157.3796844482422,89.58200073242188,22.53999900817871
2026-09-05 00:27:40.838602+00,82.27999877929688,51.56666946411133,1.829419732093811,62.657135009765625,1.000016689300537,610,157.3796844482422,89.58200073242188,22.53999900817871
2026-09-05 00:28:41.987272+00,81.9800033569336,51.83333206176758,1.8004070520401,62.5276985168457,1,611,157.3796844482422,89.04199981689453,22.84000015258789
2026-09-05 00:29:43.355257+00,81.68000030517578,52.06666946411133,1.7677100896835327,62.37907028198242,0,611,157.3796844482422,88.89799499511719,23.18000030517578
2026-09-05 00:30:44.338745+00,81.44000244140625,52.56666564941406,1.739313006401062,62.42919921875,1,612,157.3796844482422,88.646,23.47
2026-09-05 00:31:46.058579+00,81.13999938964844,53.16666793823242,1.6974021196365356,62.474613189697266,1,613,157.3796844482422,88.64599609375,23.469999313354492
2026-09-05 00:32:48.210053+00,80.77999877929688,53.29999923706055,1.675826072692871,62.26868438720703,1,614,157.3796844482422,88.39399719238281,23.53999900817871
2026-09-05 00:33:49.858094+00,80.47999572753906,53.9666633605957,1.6399062871932983,62.28852844238281,1,615,157.3796844482422,88.28599548339844,23.94999885559082
2026-09-05 00:34:51.001461+00,80.23999786376953,54.20000076293945,1.596959114074707,62.18882751464844,1,616,157.3796844482422,88.034,23.77
2026-09-05 00:35:52.125664+00,80,55.06666946411133,1.5728563070297241,62.41648483276367,1,617,157.3796844482422,88.03399658203125,23.76999855041504
2026-09-05 00:36:53.359428+00,79.87999725341797,55.16666793823242,1.565789818763733,62.3566780090332,0,617,157.3796844482422,87.9260025024414,23.670000076293945
2026-09-05 00:37:54.909246+00,79.63999938964844,55.66666793823242,1.5279284715652466,62.389949798583984,1,618,157.3796844482422,87.81800079345703,23.799999237060547
2026-09-05 00:38:56.576285+00,79.45999908447266,51.33333206176758,1.6505743265151978,59.93619918823242,0,618,157.3796844482422,87.72799682617188,23.729999542236328
2026-09-05 00:39:58.279946+00,79.70000457763672,52.83333206176758,1.6275657415390015,60.967674255371094,1,619,157.3796844482422,87.53,24.03
2026-09-05 00:40:59.413071+00,79.57999420166016,54.233333587646484,1.600204348564148,61.5953483581543,1,620,157.3796844482422,87.52999877929688,24.029998779296875
2026-09-05 00:42:00.950009+00,79.4000015258789,54.766666412353516,1.5453025102615356,61.705440521240234,0,620,157.3796844482422,87.52999877929688,24.029998779296875
2026-09-05 00:43:02.630748+00,79.0999984741211,55.06666564941406,1.5129364728927612,61.58180618286133,0,620,157.3796844482422,87.36799621582031,25.059999465942383
2026-09-05 00:44:04.553764+00,79.22000122070312,52.16666793823242,1.6296876668930054,60.167640686035156,1,621,157.3796844482422,87.25999450683594,25.03999900817871
