ts,climate_action,priority_axis,moisture_assist_state,moisture_zone,wet_assist_allowed,wet_assist_block_reason,fog_allowed,fog_block_reason,temp_high_f,vpd_high_kpa,plan_id,fog,mister_center,fan1,fan2,vent,greenhouse_state,mode_reason,vent_mist_assist_status,moisture_block_reason,direct_wet_zone_mask
2026-09-04 20:30:39.12652+00,VENT_COOL_FOG_ASSIST,temp,blocked,none,t,,t,served,84,1.22,iris-oneshot-20260904-1302,true,false,true,true,true,VENTILATE,vent_fog_assist,served,below_threshold,none
2026-09-04 20:31:34.467666+00,VENT_COOL_FOG_ASSIST,temp,blocked,none,t,,t,served,84,1.22,iris-oneshot-20260904-1302,true,false,true,true,true,VENTILATE,vent_fog_assist,served,below_threshold,none
2026-09-04 20:32:38.889636+00,VENT_COOL_FOG_ASSIST,temp,blocked,none,t,,t,served,84,1.22,iris-oneshot-20260904-1302,true,false,true,true,true,VENTILATE,vent_fog_assist,served,below_threshold,none
2026-09-04 20:33:38.0774+00,VENT_COOL_FOG_ASSIST,temp,blocked,none,t,,t,served,84,1.22,iris-oneshot-20260904-1302,true,false,true,true,true,VENTILATE,vent_fog_assist,served,below_threshold,none
2026-09-04 20:34:37.355238+00,VENT_COOL_FOG_ASSIST,temp,blocked,none,t,,t,served,84,1.22,iris-oneshot-20260904-1302,true,false,true,true,true,VENTILATE,vent_fog_assist,served,below_threshold,none
2026-09-04 20:35:37.211645+00,VENT_COOL_FOG_ASSIST,temp,blocked,none,t,,t,served,84,1.22,iris-oneshot-20260904-1302,true,false,true,true,true,VENTILATE,vent_fog_assist,served,below_threshold,none
2026-09-04 20:36:36.85066+00,VENT_COOL_FOG_ASSIST,temp,blocked,none,t,,t,served,84,1.22,iris-oneshot-20260904-1302,true,false,true,true,true,VENTILATE,vent_fog_assist,served,below_threshold,none
2026-09-04 20:37:36.488736+00,VENT_COOL_FOG_ASSIST,temp,blocked,none,t,,t,served,84,1.22,iris-oneshot-20260904-1302,true,false,true,true,true,VENTILATE,vent_fog_assist,served,below_threshold,none
2026-09-04 20:38:36.409504+00,VENT_COOL_FOG_ASSIST,temp,blocked,none,t,,t,served,84,1.22,iris-oneshot-20260904-1302,true,false,true,true,true,VENTILATE,vent_fog_assist,served,below_threshold,none
2026-09-04 20:39:41.193092+00,VENT_COOL_FOG_ASSIST,temp,blocked,none,t,,t,served,84,1.22,iris-oneshot-20260904-1302,true,false,true,true,true,VENTILATE,vent_fog_assist,served,below_threshold,none
2026-09-04 20:40:40.783529+00,VENT_COOL_FOG_ASSIST,temp,blocked,none,t,,t,served,84,1.22,iris-oneshot-20260904-1302,true,false,true,true,true,VENTILATE,vent_fog_assist,served,below_threshold,none
2026-09-04 20:41:40.890629+00,VENT_COOL_FOG_ASSIST,temp,blocked,none,t,,t,served,84,1.22,iris-oneshot-20260904-1302,true,false,true,true,true,VENTILATE,vent_fog_assist,served,below_threshold,none
2026-09-04 20:42:40.25959+00,VENT_COOL_FOG_ASSIST,temp,blocked,none,t,,t,served,84,1.22,iris-oneshot-20260904-1302,true,false,true,true,true,VENTILATE,vent_fog_assist,served,below_threshold,none
2026-09-04 20:43:39.213799+00,VENT_COOL_FOG_ASSIST,temp,blocked,none,t,,t,served,84,1.22,iris-oneshot-20260904-1302,true,false,true,true,true,VENTILATE,vent_fog_assist,served,below_threshold,none
2026-09-04 20:44:38.461345+00,VENT_COOL_FOG_ASSIST,temp,blocked,none,t,,t,served,84,1.22,iris-oneshot-20260904-1302,true,false,true,true,true,VENTILATE,vent_fog_assist,served,below_threshold,none
2026-09-04 20:45:37.829179+00,VENT_COOL_FOG_ASSIST,temp,blocked,none,t,,t,served,84,1.22,iris-oneshot-20260904-1302,true,false,true,true,true,VENTILATE,vent_fog_assist,served,below_threshold,none
2026-09-04 20:46:33.18875+00,VENT_COOL_FOG_ASSIST,temp,blocked,none,t,,t,served,84,1.22,iris-oneshot-20260904-1302,true,false,true,true,true,VENTILATE,vent_fog_assist,served,below_threshold,none
2026-09-04 20:47:37.65221+00,VENT_COOL_FOG_ASSIST,temp,blocked,none,t,,t,served,84,1.22,iris-oneshot-20260904-1302,true,false,true,true,true,VENTILATE,vent_fog_assist,served,below_threshold,none
2026-09-04 20:48:38.168638+00,VENT_COOL_FOG_ASSIST,temp,blocked,none,t,,t,served,84,1.22,iris-oneshot-20260904-1302,true,false,true,true,true,VENTILATE,vent_fog_assist,served,below_threshold,none
2026-09-04 20:49:37.705298+00,VENT_COOL_FOG_ASSIST,temp,blocked,none,t,,t,served,84,1.22,iris-oneshot-20260904-1302,true,false,true,true,true,VENTILATE,vent_fog_assist,served,below_threshold,none
2026-09-04 20:50:37.358722+00,VENT_COOL_FOG_ASSIST,temp,blocked,none,t,,t,served,84,1.22,iris-oneshot-20260904-1302,true,false,true,true,true,VENTILATE,vent_fog_assist,served,below_threshold,none
2026-09-04 20:51:37.36767+00,VENT_COOL_FOG_ASSIST,temp,blocked,none,t,,t,served,84,1.22,iris-oneshot-20260904-1302,true,false,true,true,true,VENTILATE,vent_fog_assist,served,below_threshold,none
2026-09-04 20:52:37.084015+00,VENT_COOL_FOG_ASSIST,temp,blocked,none,t,,t,served,84,1.22,iris-oneshot-20260904-1302,true,false,true,true,true,VENTILATE,vent_fog_assist,served,below_threshold,none
2026-09-04 20:53:41.316689+00,VENT_COOL_FOG_ASSIST,temp,blocked,none,t,,t,served,84,1.22,iris-oneshot-20260904-1302,true,false,true,true,true,VENTILATE,vent_fog_assist,served,below_threshold,none
2026-09-04 20:54:40.41039+00,VENT_COOL_FOG_ASSIST,temp,blocked,none,t,,t,served,84,1.22,iris-oneshot-20260904-1302,true,false,true,true,true,VENTILATE,vent_fog_assist,served,below_threshold,none
2026-09-04 20:55:39.629145+00,VENT_COOL_FOG_ASSIST,temp,blocked,none,t,,t,served,84,1.22,iris-oneshot-20260904-1302,true,false,true,true,true,VENTILATE,vent_fog_assist,served,below_threshold,none
2026-09-04 20:56:39.072693+00,VENT_COOL_FOG_ASSIST,temp,blocked,none,t,,t,served,84,1.22,iris-oneshot-20260904-1302,true,false,true,true,true,VENTILATE,vent_fog_assist,served,below_threshold,none
2026-09-04 20:57:04.437627+00,VENT_COOL_FOG_ASSIST,temp,blocked,none,f,no_humidity_demand,f,vent_interlock,84,1.22,iris-oneshot-20260904-1302,false,false,true,true,true,VENTILATE,vent_fog_assist,inactive,no_humidity_demand,none
2026-09-04 20:57:38.956986+00,VENT_COOL_FOG_ASSIST,temp,blocked,none,f,no_humidity_demand,f,vent_interlock,84,1.22,iris-oneshot-20260904-1302,false,false,true,true,true,VENTILATE,vent_fog_assist,inactive,no_humidity_demand,none
2026-09-04 20:58:38.761402+00,VENT_COOL_FOG_ASSIST,temp,blocked,none,f,no_humidity_demand,f,vent_interlock,84,1.22,iris-oneshot-20260904-1302,false,false,true,true,true,VENTILATE,vent_fog_assist,inactive,no_humidity_demand,none
2026-09-04 20:59:38.277824+00,VENT_COOL_FOG_ASSIST,temp,blocked,none,f,no_humidity_demand,f,vent_interlock,84,1.22,iris-oneshot-20260904-1302,false,false,true,true,true,VENTILATE,vent_fog_assist,inactive,no_humidity_demand,none
2026-09-04 21:00:38.191206+00,VENT_COOL_FOG_ASSIST,temp,blocked,none,f,no_humidity_demand,f,vent_interlock,84,1.22,iris-oneshot-20260904-1302,false,false,true,true,true,VENTILATE,vent_fog_assist,inactive,no_humidity_demand,none
2026-09-04 21:01:42.557686+00,VENT_COOL_FOG_ASSIST,temp,blocked,none,f,no_humidity_demand,f,vent_interlock,84,1.22,iris-oneshot-20260904-1302,false,false,true,true,true,VENTILATE,vent_fog_assist,inactive,no_humidity_demand,none
2026-09-04 21:02:41.819232+00,VENT_COOL_FOG_ASSIST,temp,blocked,none,f,no_humidity_demand,f,vent_interlock,84,1.22,iris-oneshot-20260904-1502,false,false,true,true,true,VENTILATE,vent_fog_assist,inactive,no_humidity_demand,none
2026-09-04 21:03:40.490343+00,VENT_COOL_FOG_ASSIST,temp,blocked,none,f,no_humidity_demand,f,vent_interlock,84,1.22,preemptive-20260904-2103,false,false,true,true,true,VENTILATE,vent_fog_assist,inactive,no_humidity_demand,none
2026-09-04 21:04:44.112755+00,VENT_COOL_FOG_ASSIST,temp,blocked,none,f,no_humidity_demand,f,vent_interlock,84,1.22,preemptive-20260904-2103,false,false,true,true,true,VENTILATE,vent_fog_assist,inactive,no_humidity_demand,none
2026-09-04 21:05:04.421949+00,SAFETY_COOL,safety,engage_delay,none,t,,f,vent_interlock,84,1.22,preemptive-20260904-2103,false,false,true,true,true,SAFETY_COOL,safety_cool,inactive,no_humidity_demand,none
2026-09-04 21:05:39.76023+00,SAFETY_COOL,safety,engage_delay,none,t,,f,vent_interlock,84,1.22,preemptive-20260904-2103,false,false,true,true,true,SAFETY_COOL,safety_cool,inactive,no_humidity_demand,none
2026-09-04 21:06:44.057688+00,SAFETY_COOL,safety,engage_delay,none,t,,f,vent_interlock,84,1.22,preemptive-20260904-2103,false,false,true,true,true,SAFETY_COOL,safety_cool,inactive,no_humidity_demand,none
2026-09-04 21:07:44.474753+00,SAFETY_COOL,safety,engage_delay,none,t,,f,vent_interlock,84,1.22,preemptive-20260904-2103,false,false,true,true,true,SAFETY_COOL,safety_cool,inactive,no_humidity_demand,none
2026-09-04 21:08:44.015352+00,SAFETY_COOL,safety,engage_delay,none,t,,f,vent_interlock,84,1.22,preemptive-20260904-2103,false,false,true,true,true,SAFETY_COOL,safety_cool,inactive,no_humidity_demand,none
2026-09-04 21:09:42.912531+00,SAFETY_COOL,safety,engage_delay,none,t,,f,vent_interlock,84,1.22,preemptive-20260904-2103,false,false,true,true,true,SAFETY_COOL,safety_cool,inactive,no_humidity_demand,none
2026-09-04 21:10:42.109634+00,SAFETY_COOL,safety,engage_delay,none,t,,f,vent_interlock,84,1.22,preemptive-20260904-2103,false,false,true,true,true,SAFETY_COOL,safety_cool,inactive,no_humidity_demand,none
2026-09-04 21:11:41.724637+00,SAFETY_COOL,safety,engage_delay,none,t,,f,vent_interlock,84,1.22,preemptive-20260904-2103,false,false,true,true,true,SAFETY_COOL,safety_cool,inactive,no_humidity_demand,none
2026-09-04 21:12:41.648353+00,SAFETY_COOL,safety,engage_delay,none,t,,f,vent_interlock,84,1.22,preemptive-20260904-2103,false,false,true,true,true,SAFETY_COOL,safety_cool,inactive,no_humidity_demand,none
2026-09-04 21:13:41.341433+00,SAFETY_COOL,safety,engage_delay,none,t,,f,vent_interlock,84,1.22,preemptive-20260904-2103,false,false,true,true,true,SAFETY_COOL,safety_cool,inactive,no_humidity_demand,none
2026-09-04 21:14:41.051345+00,SAFETY_COOL,safety,engage_delay,none,t,,f,vent_interlock,84,1.22,preemptive-20260904-2103,false,false,true,true,true,SAFETY_COOL,safety_cool,inactive,no_humidity_demand,none
2026-09-04 21:15:41.613085+00,SAFETY_COOL,safety,engage_delay,none,t,,f,vent_interlock,84,1.22,preemptive-20260904-2103,false,false,true,true,true,SAFETY_COOL,safety_cool,inactive,no_humidity_demand,none
2026-09-04 21:16:41.766559+00,SAFETY_COOL,safety,engage_delay,none,t,,f,vent_interlock,84,1.22,preemptive-20260904-2103,false,false,true,true,true,SAFETY_COOL,safety_cool,inactive,no_humidity_demand,none
2026-09-04 21:17:41.978684+00,SAFETY_COOL,safety,engage_delay,none,t,,f,vent_interlock,84,1.22,preemptive-20260904-2103,false,false,true,true,true,SAFETY_COOL,safety_cool,inactive,no_humidity_demand,none
2026-09-04 21:18:41.002134+00,SAFETY_COOL,safety,engage_delay,none,t,,f,vent_interlock,84,1.22,preemptive-20260904-2103,false,false,true,true,true,SAFETY_COOL,safety_cool,inactive,no_humidity_demand,none
2026-09-04 21:19:45.29464+00,SAFETY_COOL,safety,engage_delay,none,t,,f,vent_interlock,84,1.22,preemptive-20260904-2103,false,false,true,true,true,SAFETY_COOL,safety_cool,inactive,no_humidity_demand,none
2026-09-04 21:20:44.88028+00,SAFETY_COOL,safety,engage_delay,none,t,,f,vent_interlock,84,1.22,preemptive-20260904-2103,false,false,true,true,true,SAFETY_COOL,safety_cool,inactive,no_humidity_demand,none
2026-09-04 21:21:44.199788+00,SAFETY_COOL,safety,engage_delay,none,t,,f,vent_interlock,84,1.22,preemptive-20260904-2103,false,false,true,true,true,SAFETY_COOL,safety_cool,inactive,no_humidity_demand,none
2026-09-04 21:22:39.564698+00,SAFETY_COOL,safety,engage_delay,none,t,,f,vent_interlock,84,1.22,preemptive-20260904-2103,false,false,true,true,true,SAFETY_COOL,safety_cool,inactive,no_humidity_demand,none
2026-09-04 21:23:40.689523+00,SAFETY_COOL,safety,engage_delay,none,t,,f,vent_interlock,84,1.22,preemptive-20260904-2103,false,false,true,true,true,SAFETY_COOL,safety_cool,inactive,no_humidity_demand,none
2026-09-04 21:24:45.304292+00,SAFETY_COOL,safety,engage_delay,none,t,,f,vent_interlock,84,1.22,preemptive-20260904-2103,false,false,true,true,true,SAFETY_COOL,safety_cool,inactive,no_humidity_demand,none
2026-09-04 21:25:45.125236+00,SAFETY_COOL,safety,engage_delay,none,t,,f,vent_interlock,84,1.22,preemptive-20260904-2103,false,false,true,true,true,SAFETY_COOL,safety_cool,inactive,no_humidity_demand,none
2026-09-04 21:26:45.300375+00,SAFETY_COOL,safety,engage_delay,none,t,,f,vent_interlock,84,1.22,preemptive-20260904-2103,false,false,true,true,true,SAFETY_COOL,safety_cool,inactive,no_humidity_demand,none
2026-09-04 21:27:44.348658+00,SAFETY_COOL,safety,engage_delay,none,t,,f,vent_interlock,84,1.22,preemptive-20260904-2103,false,false,true,true,true,SAFETY_COOL,safety_cool,inactive,no_humidity_demand,none
2026-09-04 21:28:43.615528+00,SAFETY_COOL,safety,engage_delay,none,t,,f,vent_interlock,84,1.22,preemptive-20260904-2103,false,false,true,true,true,SAFETY_COOL,safety_cool,inactive,no_humidity_demand,none
2026-09-04 21:29:42.392003+00,SAFETY_COOL,safety,engage_delay,none,t,,f,vent_interlock,84,1.22,preemptive-20260904-2103,false,false,true,true,true,SAFETY_COOL,safety_cool,inactive,no_humidity_demand,none
2026-09-04 21:30:41.714915+00,SAFETY_COOL,safety,engage_delay,none,t,,f,vent_interlock,84,1.22,preemptive-20260904-2103,false,false,true,true,true,SAFETY_COOL,safety_cool,inactive,no_humidity_demand,none
2026-09-04 21:31:40.990601+00,SAFETY_COOL,safety,engage_delay,none,t,,f,vent_interlock,84,1.22,preemptive-20260904-2103,false,false,true,true,true,SAFETY_COOL,safety_cool,inactive,no_humidity_demand,none
2026-09-04 21:32:41.297234+00,SAFETY_COOL,safety,engage_delay,none,t,,f,vent_interlock,84,1.22,preemptive-20260904-2103,false,false,true,true,true,SAFETY_COOL,safety_cool,inactive,no_humidity_demand,none
2026-09-04 21:33:44.744342+00,SAFETY_COOL,safety,engage_delay,none,t,,f,vent_interlock,84,1.22,preemptive-20260904-2103,false,false,true,true,true,SAFETY_COOL,safety_cool,inactive,no_humidity_demand,none
2026-09-04 21:34:44.779304+00,SAFETY_COOL,safety,engage_delay,none,t,,f,vent_interlock,84,1.22,preemptive-20260904-2103,false,false,true,true,true,SAFETY_COOL,safety_cool,inactive,no_humidity_demand,none
2026-09-04 21:35:44.63968+00,SAFETY_COOL,safety,engage_delay,none,t,,f,vent_interlock,84,1.22,preemptive-20260904-2103,false,false,true,true,true,SAFETY_COOL,safety_cool,inactive,no_humidity_demand,none
2026-09-04 21:36:43.998033+00,SAFETY_COOL,safety,engage_delay,none,t,,f,vent_interlock,84,1.22,preemptive-20260904-2103,false,false,true,true,true,SAFETY_COOL,safety_cool,inactive,no_humidity_demand,none
2026-09-04 21:37:42.942566+00,SAFETY_COOL,safety,engage_delay,none,t,,f,vent_interlock,84,1.22,preemptive-20260904-2103,false,false,true,true,true,SAFETY_COOL,safety_cool,inactive,no_humidity_demand,none
2026-09-04 21:38:41.855418+00,SAFETY_COOL,safety,engage_delay,none,t,,f,vent_interlock,84,1.22,preemptive-20260904-2103,false,false,true,true,true,SAFETY_COOL,safety_cool,inactive,no_humidity_demand,none
2026-09-04 21:39:41.059127+00,SAFETY_COOL,safety,engage_delay,none,t,,f,vent_interlock,84,1.22,preemptive-20260904-2103,false,false,true,true,true,SAFETY_COOL,safety_cool,inactive,no_humidity_demand,none
2026-09-04 21:40:44.970513+00,SAFETY_COOL,safety,engage_delay,none,t,,f,vent_interlock,84,1.22,preemptive-20260904-2103,false,false,true,true,true,SAFETY_COOL,safety_cool,inactive,no_humidity_demand,none
2026-09-04 21:41:40.291103+00,SAFETY_COOL,safety,engage_delay,none,t,,f,vent_interlock,84,1.22,preemptive-20260904-2103,false,false,true,true,true,SAFETY_COOL,safety_cool,inactive,no_humidity_demand,none
2026-09-04 21:42:44.470725+00,SAFETY_COOL,safety,engage_delay,none,t,,f,vent_interlock,84,1.22,preemptive-20260904-2103,false,false,true,true,true,SAFETY_COOL,safety_cool,inactive,no_humidity_demand,none
2026-09-04 21:43:44.732639+00,SAFETY_COOL,safety,engage_delay,none,t,,f,vent_interlock,84,1.22,preemptive-20260904-2103,false,false,true,true,true,SAFETY_COOL,safety_cool,inactive,no_humidity_demand,none
2026-09-04 21:44:43.454651+00,SAFETY_COOL,safety,engage_delay,none,t,,f,vent_interlock,84,1.22,preemptive-20260904-2103,false,false,true,true,true,SAFETY_COOL,safety_cool,inactive,no_humidity_demand,none
2026-09-04 21:45:42.674514+00,SAFETY_COOL,safety,engage_delay,none,t,,f,vent_interlock,84,1.22,preemptive-20260904-2103,false,false,true,true,true,SAFETY_COOL,safety_cool,inactive,no_humidity_demand,none
2026-09-04 21:46:43.443378+00,SAFETY_COOL,safety,engage_delay,none,t,,f,vent_interlock,84,1.22,preemptive-20260904-2103,false,false,true,true,true,SAFETY_COOL,safety_cool,inactive,no_humidity_demand,none
2026-09-04 21:47:43.395003+00,SAFETY_COOL,safety,engage_delay,none,t,,f,vent_interlock,84,1.22,preemptive-20260904-2103,false,false,true,true,true,SAFETY_COOL,safety_cool,inactive,no_humidity_demand,none
2026-09-04 21:48:43.739044+00,SAFETY_COOL,safety,engage_delay,none,t,,f,vent_interlock,84,1.22,preemptive-20260904-2103,false,false,true,true,true,SAFETY_COOL,safety_cool,inactive,no_humidity_demand,none
2026-09-04 21:49:43.027184+00,SAFETY_COOL,safety,engage_delay,none,t,,f,vent_interlock,84,1.22,preemptive-20260904-2103,false,false,true,true,true,SAFETY_COOL,safety_cool,inactive,no_humidity_demand,none
2026-09-04 21:50:42.642862+00,SAFETY_COOL,safety,engage_delay,none,t,,f,vent_interlock,84,1.22,preemptive-20260904-2103,false,false,true,true,true,SAFETY_COOL,safety_cool,inactive,no_humidity_demand,none
2026-09-04 21:51:43.344653+00,SAFETY_COOL,safety,engage_delay,none,t,,f,vent_interlock,84,1.22,preemptive-20260904-2103,false,false,true,true,true,SAFETY_COOL,safety_cool,inactive,no_humidity_demand,none
2026-09-04 21:52:42.776642+00,SAFETY_COOL,safety,engage_delay,none,t,,f,vent_interlock,84,1.22,preemptive-20260904-2103,false,false,true,true,true,SAFETY_COOL,safety_cool,inactive,no_humidity_demand,none
2026-09-04 21:53:47.246033+00,SAFETY_COOL,safety,engage_delay,none,t,,f,vent_interlock,84,1.22,preemptive-20260904-2103,false,false,true,true,true,SAFETY_COOL,safety_cool,inactive,no_humidity_demand,none
2026-09-04 21:54:45.839525+00,SAFETY_COOL,safety,engage_delay,none,t,,f,vent_interlock,84,1.22,preemptive-20260904-2103,false,false,true,true,true,SAFETY_COOL,safety_cool,inactive,no_humidity_demand,none
2026-09-04 21:55:44.725856+00,SAFETY_COOL,safety,engage_delay,none,t,,f,vent_interlock,84,1.22,preemptive-20260904-2103,false,false,true,true,true,SAFETY_COOL,safety_cool,inactive,no_humidity_demand,none
2026-09-04 21:56:44.052261+00,SAFETY_COOL,safety,engage_delay,none,t,,f,vent_interlock,84,1.22,preemptive-20260904-2103,false,false,true,true,true,SAFETY_COOL,safety_cool,inactive,no_humidity_demand,none
2026-09-04 21:57:44.171152+00,SAFETY_COOL,safety,engage_delay,none,t,,f,vent_interlock,84,1.22,preemptive-20260904-2103,false,false,true,true,true,SAFETY_COOL,safety_cool,inactive,no_humidity_demand,none
2026-09-04 21:58:48.414567+00,SAFETY_COOL,safety,engage_delay,none,t,,f,vent_interlock,84,1.22,preemptive-20260904-2103,false,false,true,true,true,SAFETY_COOL,safety_cool,inactive,no_humidity_demand,none
2026-09-04 21:59:47.934659+00,SAFETY_COOL,safety,engage_delay,none,t,,f,vent_interlock,84,1.22,preemptive-20260904-2103,false,false,true,true,true,SAFETY_COOL,safety_cool,inactive,no_humidity_demand,none
2026-09-04 22:00:43.249086+00,SAFETY_COOL,safety,engage_delay,none,t,,f,vent_interlock,84,1.22,iris-20260904-0633,false,false,true,true,true,SAFETY_COOL,safety_cool,inactive,no_humidity_demand,none
2026-09-04 22:01:47.953162+00,SAFETY_COOL,safety,engage_delay,none,t,,f,vent_interlock,84,1.22,iris-20260904-0633,false,false,true,true,true,SAFETY_COOL,safety_cool,inactive,no_humidity_demand,none
2026-09-04 22:02:47.623557+00,SAFETY_COOL,safety,engage_delay,none,t,,f,vent_interlock,84,1.22,iris-20260904-0633,false,false,true,true,true,SAFETY_COOL,safety_cool,inactive,no_humidity_demand,none
2026-09-04 22:03:47.714561+00,SAFETY_COOL,safety,engage_delay,none,t,,f,vent_interlock,84,1.22,iris-20260904-0633,false,false,true,true,true,SAFETY_COOL,safety_cool,inactive,no_humidity_demand,none
2026-09-04 22:04:46.820698+00,SAFETY_COOL,safety,engage_delay,none,t,,f,vent_interlock,84,1.22,iris-20260904-0633,false,false,true,true,true,SAFETY_COOL,safety_cool,inactive,no_humidity_demand,none
2026-09-04 22:05:46.499055+00,SAFETY_COOL,safety,engage_delay,none,t,,f,vent_interlock,84,1.22,iris-20260904-0633,false,false,true,true,true,SAFETY_COOL,safety_cool,inactive,no_humidity_demand,none
2026-09-04 22:06:45.719386+00,SAFETY_COOL,safety,engage_delay,none,t,,f,vent_interlock,84,1.22,iris-20260904-0633,false,false,true,true,true,SAFETY_COOL,safety_cool,inactive,no_humidity_demand,none
2026-09-04 22:07:46.094675+00,SAFETY_COOL,safety,engage_delay,none,t,,f,vent_interlock,84,1.22,iris-20260904-0633,false,false,true,true,true,SAFETY_COOL,safety_cool,inactive,no_humidity_demand,none
2026-09-04 22:08:45.708386+00,SAFETY_COOL,safety,engage_delay,none,t,,f,vent_interlock,84,1.22,iris-20260904-0633,false,false,true,true,true,SAFETY_COOL,safety_cool,inactive,no_humidity_demand,none
2026-09-04 22:09:45.514961+00,SAFETY_COOL,safety,engage_delay,none,t,,f,vent_interlock,84,1.22,iris-20260904-0633,false,false,true,true,true,SAFETY_COOL,safety_cool,inactive,no_humidity_demand,none
2026-09-04 22:10:50.130886+00,SAFETY_COOL,safety,engage_delay,none,t,,f,vent_interlock,84,1.22,iris-20260904-0633,false,false,true,true,true,SAFETY_COOL,safety_cool,inactive,no_humidity_demand,none
2026-09-04 22:11:49.753319+00,SAFETY_COOL,safety,engage_delay,none,t,,f,vent_interlock,84,1.22,iris-20260904-0633,false,false,true,true,true,SAFETY_COOL,safety_cool,inactive,no_humidity_demand,none
2026-09-04 22:12:49.312215+00,SAFETY_COOL,safety,engage_delay,none,t,,f,vent_interlock,84,1.22,iris-20260904-0633,false,false,true,true,true,SAFETY_COOL,safety_cool,inactive,no_humidity_demand,none
2026-09-04 22:13:49.144267+00,SAFETY_COOL,safety,engage_delay,none,t,,f,vent_interlock,84,1.22,iris-20260904-0633,false,false,true,true,true,SAFETY_COOL,safety_cool,inactive,no_humidity_demand,none
2026-09-04 22:14:34.488339+00,VENT_COOL_FOG_ASSIST,temp,blocked,none,f,no_humidity_demand,f,vent_interlock,84,1.22,iris-20260904-0633,false,false,true,true,true,VENTILATE,vent_fog_assist,inactive,no_humidity_demand,none
2026-09-04 22:14:48.833253+00,VENT_COOL_FOG_ASSIST,temp,blocked,none,f,no_humidity_demand,f,vent_interlock,84,1.22,iris-20260904-0633,false,false,true,true,true,VENTILATE,vent_fog_assist,inactive,no_humidity_demand,none
2026-09-04 22:15:44.161186+00,VENT_COOL_FOG_ASSIST,temp,blocked,none,f,no_humidity_demand,f,vent_interlock,84,1.22,iris-20260904-0633,false,false,true,true,true,VENTILATE,vent_fog_assist,inactive,no_humidity_demand,none
2026-09-04 22:16:49.078062+00,VENT_COOL_FOG_ASSIST,temp,blocked,none,f,no_humidity_demand,f,vent_interlock,84,1.22,iris-20260904-0633,false,false,true,true,true,VENTILATE,vent_fog_assist,inactive,no_humidity_demand,none
2026-09-04 22:17:48.876346+00,VENT_COOL_FOG_ASSIST,temp,blocked,none,f,no_humidity_demand,f,vent_interlock,84,1.22,iris-20260904-0633,false,false,true,true,true,VENTILATE,vent_fog_assist,inactive,no_humidity_demand,none
2026-09-04 22:18:48.515603+00,VENT_COOL_FOG_ASSIST,temp,blocked,none,f,no_humidity_demand,f,vent_interlock,84,1.22,iris-20260904-0633,false,false,true,true,true,VENTILATE,vent_fog_assist,inactive,no_humidity_demand,none
2026-09-04 22:19:48.277691+00,VENT_COOL_FOG_ASSIST,temp,blocked,none,f,no_humidity_demand,f,vent_interlock,84,1.22,iris-20260904-0633,false,false,true,true,true,VENTILATE,vent_fog_assist,inactive,no_humidity_demand,none
2026-09-04 22:20:48.365201+00,VENT_COOL_FOG_ASSIST,temp,blocked,none,f,no_humidity_demand,f,vent_interlock,84,1.22,iris-20260904-0633,false,false,true,true,true,VENTILATE,vent_fog_assist,inactive,no_humidity_demand,none
2026-09-04 22:21:48.335701+00,VENT_COOL_FOG_ASSIST,temp,blocked,none,f,no_humidity_demand,f,vent_interlock,84,1.22,iris-20260904-0633,false,false,true,true,true,VENTILATE,vent_fog_assist,inactive,no_humidity_demand,none
2026-09-04 22:22:48.115173+00,VENT_COOL_FOG_ASSIST,temp,blocked,none,f,no_humidity_demand,f,vent_interlock,84,1.22,iris-20260904-0633,false,false,true,true,true,VENTILATE,vent_fog_assist,inactive,no_humidity_demand,none
2026-09-04 22:23:47.765564+00,VENT_COOL_FOG_ASSIST,temp,blocked,none,f,no_humidity_demand,f,vent_interlock,84,1.22,iris-20260904-0633,false,false,true,true,true,VENTILATE,vent_fog_assist,inactive,no_humidity_demand,none
2026-09-04 22:24:46.87457+00,VENT_COOL_FOG_ASSIST,temp,blocked,none,f,no_humidity_demand,f,vent_interlock,84,1.22,iris-20260904-0633,false,false,true,true,true,VENTILATE,vent_fog_assist,inactive,no_humidity_demand,none
2026-09-04 22:25:46.997735+00,VENT_COOL_FOG_ASSIST,temp,blocked,none,f,no_humidity_demand,f,vent_interlock,84,1.22,iris-20260904-0633,false,false,true,true,true,VENTILATE,vent_fog_assist,inactive,no_humidity_demand,none
2026-09-04 22:26:46.528193+00,VENT_COOL_FOG_ASSIST,temp,blocked,none,f,no_humidity_demand,f,vent_interlock,84,1.22,iris-20260904-0633,false,false,true,true,true,VENTILATE,vent_fog_assist,inactive,no_humidity_demand,none
2026-09-04 22:27:47.054072+00,VENT_COOL_FOG_ASSIST,temp,blocked,none,f,no_humidity_demand,f,vent_interlock,84,1.22,iris-20260904-0633,false,false,true,true,true,VENTILATE,vent_fog_assist,inactive,no_humidity_demand,none
2026-09-04 22:28:46.51774+00,VENT_COOL_FOG_ASSIST,temp,blocked,none,f,no_humidity_demand,f,vent_interlock,84,1.22,iris-20260904-0633,false,false,true,true,true,VENTILATE,vent_fog_assist,inactive,no_humidity_demand,none
2026-09-04 22:29:51.469352+00,VENT_COOL_FOG_ASSIST,temp,blocked,none,f,no_humidity_demand,f,vent_interlock,84,1.22,iris-20260904-0633,false,false,true,true,true,VENTILATE,vent_fog_assist,inactive,no_humidity_demand,none
2026-09-04 22:30:51.44337+00,VENT_COOL_FOG_ASSIST,temp,blocked,none,f,no_humidity_demand,f,vent_interlock,84,1.22,iris-20260904-0633,false,false,true,true,true,VENTILATE,vent_fog_assist,inactive,no_humidity_demand,none
2026-09-04 22:31:46.579748+00,VENT_COOL_FOG_ASSIST,temp,blocked,none,f,no_humidity_demand,f,vent_interlock,84,1.22,iris-20260904-0633,false,false,true,true,true,VENTILATE,vent_fog_assist,inactive,no_humidity_demand,none
2026-09-04 22:32:51.531279+00,VENT_COOL_FOG_ASSIST,temp,blocked,none,f,no_humidity_demand,f,vent_interlock,84,1.22,iris-20260904-0633,false,false,true,true,true,VENTILATE,vent_fog_assist,inactive,no_humidity_demand,none
2026-09-04 22:33:51.004306+00,VENT_COOL_FOG_ASSIST,temp,blocked,none,f,no_humidity_demand,f,vent_interlock,84,1.22,iris-20260904-0633,false,false,true,true,true,VENTILATE,vent_fog_assist,inactive,no_humidity_demand,none
2026-09-04 22:34:49.984335+00,VENT_COOL_FOG_ASSIST,temp,blocked,none,f,no_humidity_demand,f,vent_interlock,84,1.22,iris-20260904-0633,false,false,true,true,true,VENTILATE,vent_fog_assist,inactive,no_humidity_demand,none
2026-09-04 22:35:45.328701+00,VENT_COOL_FOG_ASSIST,temp,blocked,none,f,no_humidity_demand,f,vent_interlock,84,1.22,iris-20260904-0633,false,false,true,true,true,VENTILATE,vent_fog_assist,inactive,no_humidity_demand,none
2026-09-04 22:36:46.022678+00,VENT_COOL_FOG_ASSIST,temp,blocked,none,f,no_humidity_demand,f,vent_interlock,84,1.22,iris-20260904-0633,false,false,true,true,true,VENTILATE,vent_fog_assist,inactive,no_humidity_demand,none
2026-09-04 22:37:46.188702+00,VENT_COOL_FOG_ASSIST,temp,blocked,none,f,no_humidity_demand,f,vent_interlock,84,1.22,iris-20260904-0633,false,false,true,true,true,VENTILATE,vent_fog_assist,inactive,no_humidity_demand,none
2026-09-04 22:38:50.855847+00,VENT_COOL_FOG_ASSIST,temp,blocked,none,f,no_humidity_demand,f,vent_interlock,84,1.22,iris-20260904-0633,false,false,true,true,true,VENTILATE,vent_fog_assist,inactive,no_humidity_demand,none
2026-09-04 22:39:49.961572+00,VENT_COOL_FOG_ASSIST,temp,blocked,none,f,no_humidity_demand,f,vent_interlock,84,1.22,iris-20260904-0633,false,false,true,true,true,VENTILATE,vent_fog_assist,inactive,no_humidity_demand,none
2026-09-04 22:40:50.326301+00,VENT_COOL_FOG_ASSIST,temp,blocked,none,f,no_humidity_demand,f,vent_interlock,84,1.22,iris-20260904-0633,false,false,true,true,true,VENTILATE,vent_fog_assist,inactive,no_humidity_demand,none
2026-09-04 22:41:49.340128+00,VENT_COOL_FOG_ASSIST,temp,blocked,none,f,no_humidity_demand,f,vent_interlock,84,1.22,iris-20260904-0633,false,false,true,true,true,VENTILATE,vent_fog_assist,inactive,no_humidity_demand,none
2026-09-04 22:42:49.020753+00,VENT_COOL_FOG_ASSIST,temp,blocked,none,f,no_humidity_demand,f,vent_interlock,84,1.22,iris-20260904-0633,false,false,true,true,true,VENTILATE,vent_fog_assist,inactive,no_humidity_demand,none
2026-09-04 22:43:49.173048+00,VENT_COOL_FOG_ASSIST,temp,blocked,none,f,no_humidity_demand,f,vent_interlock,84,1.22,iris-20260904-0633,false,false,true,true,true,VENTILATE,vent_fog_assist,inactive,no_humidity_demand,none
2026-09-04 22:44:48.99343+00,VENT_COOL_FOG_ASSIST,temp,blocked,none,f,no_humidity_demand,f,vent_interlock,84,1.22,iris-20260904-0633,false,false,true,true,true,VENTILATE,vent_fog_assist,inactive,no_humidity_demand,none
2026-09-04 22:45:48.326579+00,VENT_COOL_FOG_ASSIST,temp,blocked,none,f,no_humidity_demand,f,vent_interlock,84,1.22,iris-20260904-0633,false,false,true,true,true,VENTILATE,vent_fog_assist,inactive,no_humidity_demand,none
2026-09-04 22:46:48.072356+00,VENT_COOL_FOG_ASSIST,temp,blocked,none,f,no_humidity_demand,f,vent_interlock,84,1.22,iris-20260904-0633,false,false,true,true,true,VENTILATE,vent_fog_assist,inactive,no_humidity_demand,none
2026-09-04 22:47:48.981444+00,VENT_COOL_FOG_ASSIST,temp,blocked,none,f,no_humidity_demand,f,vent_interlock,84,1.22,iris-20260904-0633,false,false,true,true,true,VENTILATE,vent_fog_assist,inactive,no_humidity_demand,none
2026-09-04 22:48:48.878233+00,VENT_COOL_FOG_ASSIST,temp,blocked,none,f,no_humidity_demand,f,vent_interlock,84,1.22,iris-20260904-0633,false,false,true,true,true,VENTILATE,vent_fog_assist,inactive,no_humidity_demand,none
2026-09-04 22:49:48.862666+00,VENT_COOL_FOG_ASSIST,temp,blocked,none,f,no_humidity_demand,f,vent_interlock,84,1.22,iris-20260904-0633,false,false,true,true,true,VENTILATE,vent_fog_assist,inactive,no_humidity_demand,none
2026-09-04 22:50:48.519655+00,VENT_COOL_FOG_ASSIST,temp,blocked,none,f,no_humidity_demand,f,vent_interlock,84,1.22,iris-20260904-0633,false,false,true,true,true,VENTILATE,vent_fog_assist,inactive,no_humidity_demand,none
2026-09-04 22:51:48.177946+00,VENT_COOL_FOG_ASSIST,temp,blocked,none,f,no_humidity_demand,f,vent_interlock,84,1.22,iris-20260904-0633,false,false,true,true,true,VENTILATE,vent_fog_assist,inactive,no_humidity_demand,none
2026-09-04 22:52:48.830011+00,VENT_COOL_FOG_ASSIST,temp,blocked,none,f,no_humidity_demand,f,vent_interlock,84,1.22,iris-20260904-0633,false,false,true,true,true,VENTILATE,vent_fog_assist,inactive,no_humidity_demand,none
2026-09-04 22:53:48.390319+00,VENT_COOL_FOG_ASSIST,temp,blocked,none,f,no_humidity_demand,f,vent_interlock,84,1.22,iris-20260904-0633,false,false,true,true,true,VENTILATE,vent_fog_assist,inactive,no_humidity_demand,none
2026-09-04 22:54:48.159375+00,VENT_COOL_FOG_ASSIST,temp,blocked,none,f,no_humidity_demand,f,vent_interlock,84,1.22,iris-20260904-0633,false,false,true,true,true,VENTILATE,vent_fog_assist,inactive,no_humidity_demand,none
2026-09-04 22:55:48.232933+00,VENT_COOL_FOG_ASSIST,temp,blocked,none,f,no_humidity_demand,f,vent_interlock,84,1.22,iris-20260904-0633,false,false,true,true,true,VENTILATE,vent_fog_assist,inactive,no_humidity_demand,none
2026-09-04 22:56:47.551577+00,VENT_COOL_FOG_ASSIST,temp,blocked,none,f,no_humidity_demand,f,vent_interlock,84,1.22,iris-20260904-0633,false,false,true,true,true,VENTILATE,vent_fog_assist,inactive,no_humidity_demand,none
2026-09-04 22:57:52.149679+00,VENT_COOL_FOG_ASSIST,temp,blocked,none,f,no_humidity_demand,f,vent_interlock,84,1.22,iris-20260904-0633,false,false,true,true,true,VENTILATE,vent_fog_assist,inactive,no_humidity_demand,none
2026-09-04 22:58:47.509174+00,VENT_COOL_FOG_ASSIST,temp,blocked,none,f,no_humidity_demand,f,vent_interlock,84,1.22,iris-20260904-0633,false,false,true,true,true,VENTILATE,vent_fog_assist,inactive,no_humidity_demand,none
2026-09-04 22:59:52.194419+00,VENT_COOL_FOG_ASSIST,temp,blocked,none,f,no_humidity_demand,f,vent_interlock,84,1.22,iris-20260904-0633,false,false,true,true,true,VENTILATE,vent_fog_assist,inactive,no_humidity_demand,none
2026-09-04 23:00:51.563206+00,VENT_COOL_FOG_ASSIST,temp,blocked,none,f,no_humidity_demand,f,vent_interlock,84,1.22,iris-20260904-0633,false,false,true,true,true,VENTILATE,vent_fog_assist,inactive,no_humidity_demand,none
2026-09-04 23:01:47.752227+00,VENT_COOL_FOG_ASSIST,temp,blocked,none,f,no_humidity_demand,f,vent_interlock,84,1.22,iris-20260904-0633,false,false,true,true,true,VENTILATE,vent_fog_assist,inactive,no_humidity_demand,none
2026-09-04 23:02:49.538938+00,VENT_COOL_FOG_ASSIST,temp,blocked,none,f,no_humidity_demand,f,vent_interlock,84,1.22,iris-20260904-0633,false,false,true,true,true,VENTILATE,vent_fog_assist,inactive,no_humidity_demand,none
2026-09-04 23:03:50.708381+00,VENT_COOL_FOG_ASSIST,temp,blocked,none,f,no_humidity_demand,f,vent_interlock,84,1.22,iris-20260904-0633,false,false,true,true,true,VENTILATE,vent_fog_assist,inactive,no_humidity_demand,none
2026-09-04 23:04:51.909386+00,VENT_COOL_FOG_ASSIST,temp,blocked,none,f,no_humidity_demand,f,vent_interlock,84,1.22,iris-20260904-0633,false,false,true,true,true,VENTILATE,vent_fog_assist,inactive,no_humidity_demand,none
2026-09-04 23:05:53.284873+00,VENT_COOL_FOG_ASSIST,temp,blocked,none,f,no_humidity_demand,f,vent_interlock,84,1.22,iris-20260904-0633,false,false,true,true,true,VENTILATE,vent_fog_assist,inactive,no_humidity_demand,none
2026-09-04 23:06:49.656116+00,VENT_COOL_FOG_ASSIST,temp,blocked,none,f,no_humidity_demand,f,vent_interlock,84,1.22,iris-20260904-0633,false,false,true,true,true,VENTILATE,vent_fog_assist,inactive,no_humidity_demand,none
2026-09-04 23:07:51.290659+00,VENT_COOL_FOG_ASSIST,temp,blocked,none,f,no_humidity_demand,f,vent_interlock,84,1.22,iris-20260904-0633,false,false,true,true,true,VENTILATE,vent_fog_assist,inactive,no_humidity_demand,none
2026-09-04 23:08:52.47557+00,VENT_COOL_FOG_ASSIST,temp,blocked,none,f,no_humidity_demand,f,vent_interlock,84,1.22,iris-20260904-0633,false,false,true,true,true,VENTILATE,vent_fog_assist,inactive,no_humidity_demand,none
2026-09-04 23:09:48.625711+00,VENT_COOL_FOG_ASSIST,temp,blocked,none,f,no_humidity_demand,f,vent_interlock,84,1.22,iris-20260904-0633,false,false,true,true,true,VENTILATE,vent_fog_assist,inactive,no_humidity_demand,none
2026-09-04 23:10:49.603697+00,VENT_COOL_FOG_ASSIST,temp,blocked,none,f,no_humidity_demand,f,vent_interlock,84,1.22,iris-20260904-0633,false,false,true,true,true,VENTILATE,vent_fog_assist,inactive,no_humidity_demand,none
2026-09-04 23:11:50.890565+00,VENT_COOL_FOG_ASSIST,temp,blocked,none,f,no_humidity_demand,f,vent_interlock,84,1.22,iris-20260904-0633,false,false,true,true,true,VENTILATE,vent_fog_assist,inactive,no_humidity_demand,none
2026-09-04 23:12:52.256614+00,VENT_COOL_FOG_ASSIST,temp,blocked,none,f,no_humidity_demand,f,vent_interlock,84,1.22,iris-20260904-0633,false,false,true,true,true,VENTILATE,vent_fog_assist,inactive,no_humidity_demand,none
2026-09-04 23:13:48.638002+00,VENT_COOL_FOG_ASSIST,temp,blocked,none,f,no_humidity_demand,f,vent_interlock,84,1.22,iris-20260904-0633,false,false,true,true,true,VENTILATE,vent_fog_assist,inactive,no_humidity_demand,none
2026-09-04 23:14:49.677117+00,VENT_COOL_FOG_ASSIST,temp,blocked,none,f,no_humidity_demand,f,vent_interlock,84,1.22,iris-20260904-0633,false,false,true,true,true,VENTILATE,vent_fog_assist,inactive,no_humidity_demand,none
2026-09-04 23:15:50.7233+00,VENT_COOL_FOG_ASSIST,temp,blocked,none,f,no_humidity_demand,f,vent_interlock,84,1.22,iris-20260904-0633,false,false,true,true,true,VENTILATE,vent_fog_assist,inactive,no_humidity_demand,none
2026-09-04 23:16:51.922664+00,VENT_COOL_FOG_ASSIST,temp,blocked,none,f,no_humidity_demand,f,vent_interlock,84,1.22,iris-20260904-0633,false,false,true,true,true,VENTILATE,vent_fog_assist,inactive,no_humidity_demand,none
2026-09-04 23:17:52.985677+00,VENT_COOL_FOG_ASSIST,temp,blocked,none,f,no_humidity_demand,f,vent_interlock,84,1.22,iris-20260904-0633,false,false,true,true,true,VENTILATE,vent_fog_assist,inactive,no_humidity_demand,none
2026-09-04 23:18:49.302693+00,VENT_COOL_FOG_ASSIST,temp,blocked,none,f,no_humidity_demand,f,vent_interlock,84,1.22,iris-20260904-0633,false,false,true,true,true,VENTILATE,vent_fog_assist,inactive,no_humidity_demand,none
2026-09-04 23:19:50.694578+00,VENT_COOL_FOG_ASSIST,temp,blocked,none,f,no_humidity_demand,f,vent_interlock,84,1.22,iris-20260904-0633,false,false,true,true,true,VENTILATE,vent_fog_assist,inactive,no_humidity_demand,none
2026-09-04 23:20:51.821809+00,VENT_COOL_FOG_ASSIST,temp,blocked,none,f,no_humidity_demand,f,vent_interlock,84,1.22,iris-20260904-0633,false,false,true,true,true,VENTILATE,vent_fog_assist,inactive,no_humidity_demand,none
2026-09-04 23:21:53.10557+00,VENT_COOL_FOG_ASSIST,temp,blocked,none,f,no_humidity_demand,f,vent_interlock,84,1.22,iris-20260904-0633,false,false,true,true,true,VENTILATE,vent_fog_assist,inactive,no_humidity_demand,none
2026-09-04 23:22:54.512672+00,VENT_COOL_FOG_ASSIST,temp,blocked,none,f,no_humidity_demand,f,vent_interlock,84,1.22,iris-20260904-0633,false,false,true,true,true,VENTILATE,vent_fog_assist,inactive,no_humidity_demand,none
2026-09-04 23:23:50.719372+00,VENT_COOL_FOG_ASSIST,temp,blocked,none,f,no_humidity_demand,f,vent_interlock,84,1.22,iris-20260904-0633,false,false,true,true,true,VENTILATE,vent_fog_assist,inactive,no_humidity_demand,none
2026-09-04 23:24:51.864638+00,VENT_COOL_FOG_ASSIST,temp,blocked,none,f,no_humidity_demand,f,vent_interlock,84,1.22,iris-20260904-0633,false,false,true,true,true,VENTILATE,vent_fog_assist,inactive,no_humidity_demand,none
2026-09-04 23:25:52.920669+00,VENT_COOL_FOG_ASSIST,temp,blocked,none,f,no_humidity_demand,f,vent_interlock,84,1.22,iris-20260904-0633,false,false,true,true,true,VENTILATE,vent_fog_assist,inactive,no_humidity_demand,none
2026-09-04 23:26:54.3276+00,VENT_COOL_FOG_ASSIST,temp,blocked,none,f,no_humidity_demand,f,vent_interlock,84,1.22,iris-20260904-0633,false,false,true,true,true,VENTILATE,vent_fog_assist,inactive,no_humidity_demand,none
2026-09-04 23:27:50.463416+00,VENT_COOL_FOG_ASSIST,temp,blocked,none,f,no_humidity_demand,f,vent_interlock,84,1.22,iris-20260904-0633,false,false,true,true,true,VENTILATE,vent_fog_assist,inactive,no_humidity_demand,none
2026-09-04 23:28:51.834621+00,VENT_COOL_FOG_ASSIST,temp,blocked,none,f,no_humidity_demand,f,vent_interlock,84,1.22,iris-20260904-0633,false,false,true,true,true,VENTILATE,vent_fog_assist,inactive,no_humidity_demand,none
2026-09-04 23:29:52.74068+00,VENT_COOL_FOG_ASSIST,temp,blocked,none,f,no_humidity_demand,f,vent_interlock,84,1.22,iris-20260904-0633,false,false,true,true,true,VENTILATE,vent_fog_assist,inactive,no_humidity_demand,none
2026-09-04 23:30:53.976298+00,VENT_COOL_FOG_ASSIST,temp,blocked,none,f,no_humidity_demand,f,vent_interlock,84,1.22,iris-20260904-0633,false,false,true,true,true,VENTILATE,vent_fog_assist,inactive,no_humidity_demand,none
2026-09-04 23:31:50.281344+00,VENT_COOL_FOG_ASSIST,temp,blocked,none,f,no_humidity_demand,f,vent_interlock,84,1.22,iris-20260904-0633,false,false,true,true,true,VENTILATE,vent_fog_assist,inactive,no_humidity_demand,none
2026-09-04 23:32:51.46867+00,VENT_COOL_FOG_ASSIST,temp,blocked,none,f,no_humidity_demand,f,vent_interlock,84,1.22,iris-20260904-0633,false,false,true,true,true,VENTILATE,vent_fog_assist,inactive,no_humidity_demand,none
2026-09-04 23:33:52.77181+00,VENT_COOL_FOG_ASSIST,temp,blocked,none,f,no_humidity_demand,f,vent_interlock,84,1.22,iris-20260904-0633,false,false,true,true,true,VENTILATE,vent_fog_assist,inactive,no_humidity_demand,none
2026-09-04 23:34:53.864017+00,VENT_COOL_FOG_ASSIST,temp,blocked,none,f,no_humidity_demand,f,vent_interlock,84,1.22,iris-20260904-0633,false,false,true,true,true,VENTILATE,vent_fog_assist,inactive,no_humidity_demand,none
2026-09-04 23:35:54.718676+00,VENT_COOL_FOG_ASSIST,temp,blocked,none,f,no_humidity_demand,f,vent_interlock,84,1.22,iris-20260904-0633,false,false,true,true,true,VENTILATE,vent_fog_assist,inactive,no_humidity_demand,none
2026-09-04 23:36:55.755668+00,VENT_COOL_FOG_ASSIST,temp,blocked,none,f,no_humidity_demand,f,vent_interlock,84,1.22,iris-20260904-0633,false,false,true,true,true,VENTILATE,vent_fog_assist,inactive,no_humidity_demand,none
2026-09-04 23:37:52.190655+00,VENT_COOL_FOG_ASSIST,temp,blocked,none,f,no_humidity_demand,f,vent_interlock,84,1.22,iris-20260904-0633,false,false,true,true,true,VENTILATE,vent_fog_assist,inactive,no_humidity_demand,none
2026-09-04 23:38:53.226152+00,VENT_COOL_FOG_ASSIST,temp,blocked,none,f,no_humidity_demand,f,vent_interlock,84,1.22,iris-20260904-0633,false,false,true,true,true,VENTILATE,vent_fog_assist,inactive,no_humidity_demand,none
2026-09-04 23:39:54.297624+00,VENT_COOL_FOG_ASSIST,temp,blocked,none,f,no_humidity_demand,f,vent_interlock,84,1.22,iris-20260904-0633,false,false,true,true,true,VENTILATE,vent_fog_assist,inactive,no_humidity_demand,none
2026-09-04 23:40:55.550374+00,VENT_COOL_FOG_ASSIST,temp,blocked,none,f,no_humidity_demand,f,vent_interlock,84,1.22,iris-20260904-0633,false,false,true,true,true,VENTILATE,vent_fog_assist,inactive,no_humidity_demand,none
2026-09-04 23:41:56.752457+00,VENT_COOL_FOG_ASSIST,temp,blocked,none,f,no_humidity_demand,f,vent_interlock,84,1.22,iris-20260904-0633,false,false,true,true,true,VENTILATE,vent_fog_assist,inactive,no_humidity_demand,none
2026-09-04 23:42:52.797051+00,VENT_COOL_FOG_ASSIST,temp,blocked,none,f,no_humidity_demand,f,vent_interlock,84,1.22,iris-20260904-0633,false,false,true,true,true,VENTILATE,vent_fog_assist,inactive,no_humidity_demand,none
2026-09-04 23:43:59.086666+00,VENT_COOL_FOG_ASSIST,temp,blocked,none,f,no_humidity_demand,f,vent_interlock,84,1.22,iris-20260904-0633,false,false,true,true,true,VENTILATE,vent_fog_assist,inactive,no_humidity_demand,none
2026-09-04 23:45:05.190669+00,VENT_COOL_FOG_ASSIST,temp,blocked,none,f,no_humidity_demand,f,vent_interlock,84,1.22,iris-20260904-0633,false,false,true,true,true,VENTILATE,vent_fog_assist,inactive,no_humidity_demand,none
2026-09-04 23:45:56.446285+00,VENT_COOL_FOG_ASSIST,temp,blocked,none,f,no_humidity_demand,f,vent_interlock,84,1.22,iris-20260904-0633,false,false,true,true,true,VENTILATE,vent_fog_assist,inactive,no_humidity_demand,none
2026-09-04 23:46:57.493931+00,VENT_COOL_FOG_ASSIST,temp,blocked,none,f,no_humidity_demand,f,vent_interlock,84,1.22,iris-20260904-0633,false,false,true,true,true,VENTILATE,vent_fog_assist,inactive,no_humidity_demand,none
2026-09-04 23:47:52.900269+00,VENT_COOL_FOG_ASSIST,temp,blocked,none,f,no_humidity_demand,f,vent_interlock,84,1.22,iris-20260904-0633,false,false,true,true,true,VENTILATE,vent_fog_assist,inactive,no_humidity_demand,none
2026-09-04 23:48:54.486029+00,VENT_COOL_FOG_ASSIST,temp,blocked,none,f,no_humidity_demand,f,vent_interlock,84,1.22,iris-20260904-0633,false,false,true,true,true,VENTILATE,vent_fog_assist,inactive,no_humidity_demand,none
2026-09-04 23:49:55.501651+00,VENT_COOL_FOG_ASSIST,temp,blocked,none,f,no_humidity_demand,f,vent_interlock,84,1.22,iris-20260904-0633,false,false,true,true,true,VENTILATE,vent_fog_assist,inactive,no_humidity_demand,none
2026-09-04 23:50:56.463142+00,VENT_COOL_FOG_ASSIST,temp,blocked,none,f,no_humidity_demand,f,vent_interlock,84,1.22,iris-20260904-0633,false,false,true,true,true,VENTILATE,vent_fog_assist,inactive,no_humidity_demand,none
2026-09-04 23:51:57.588577+00,VENT_COOL_FOG_ASSIST,temp,blocked,none,f,no_humidity_demand,f,vent_interlock,84,1.22,iris-20260904-0633,false,false,true,true,true,VENTILATE,vent_fog_assist,inactive,no_humidity_demand,none
2026-09-04 23:52:54.190617+00,VENT_COOL_FOG_ASSIST,temp,blocked,none,f,no_humidity_demand,f,vent_interlock,84,1.22,iris-20260904-0633,false,false,true,true,true,VENTILATE,vent_fog_assist,inactive,no_humidity_demand,none
2026-09-04 23:53:55.29517+00,VENT_COOL_FOG_ASSIST,temp,blocked,none,f,no_humidity_demand,f,vent_interlock,84,1.22,iris-20260904-0633,false,false,true,true,true,VENTILATE,vent_fog_assist,inactive,no_humidity_demand,none
2026-09-04 23:54:56.457243+00,VENT_COOL_FOG_ASSIST,temp,blocked,none,f,no_humidity_demand,f,vent_interlock,84,1.22,iris-20260904-0633,false,false,true,true,true,VENTILATE,vent_fog_assist,inactive,no_humidity_demand,none
2026-09-04 23:55:57.555668+00,VENT_COOL_FOG_ASSIST,temp,blocked,none,f,no_humidity_demand,f,vent_interlock,84,1.22,iris-20260904-0633,false,false,true,true,true,VENTILATE,vent_fog_assist,inactive,no_humidity_demand,none
2026-09-04 23:56:53.894759+00,VENT_COOL_FOG_ASSIST,temp,blocked,none,f,no_humidity_demand,f,vent_interlock,84,1.22,iris-20260904-0633,false,false,true,true,true,VENTILATE,vent_fog_assist,inactive,no_humidity_demand,none
2026-09-04 23:57:54.952928+00,VENT_COOL_FOG_ASSIST,temp,blocked,none,f,no_humidity_demand,f,vent_interlock,84,1.22,iris-20260904-0633,false,false,true,true,true,VENTILATE,vent_fog_assist,inactive,no_humidity_demand,none
2026-09-04 23:58:56.374675+00,VENT_COOL_FOG_ASSIST,temp,blocked,none,f,no_humidity_demand,f,vent_interlock,84,1.22,iris-20260904-0633,false,false,true,true,true,VENTILATE,vent_fog_assist,inactive,no_humidity_demand,none
2026-09-04 23:59:57.375511+00,VENT_COOL_FOG_ASSIST,temp,blocked,none,f,no_humidity_demand,f,vent_interlock,84,1.22,iris-20260904-0633,false,false,true,true,true,VENTILATE,vent_fog_assist,inactive,no_humidity_demand,none
2026-09-05 00:00:58.570061+00,VENT_COOL_FOG_ASSIST,temp,blocked,none,f,no_humidity_demand,f,vent_interlock,84,1.22,iris-20260904-0633,false,false,true,true,true,VENTILATE,vent_fog_assist,inactive,no_humidity_demand,none
2026-09-05 00:01:54.898536+00,VENT_COOL_FOG_ASSIST,temp,blocked,none,f,no_humidity_demand,f,vent_interlock,84,1.22,iris-20260904-0633,false,false,true,true,true,VENTILATE,vent_fog_assist,inactive,no_humidity_demand,none
2026-09-05 00:02:56.182204+00,VENT_COOL_FOG_ASSIST,temp,blocked,none,f,no_humidity_demand,f,vent_interlock,84,1.22,iris-20260904-0633,false,false,true,true,true,VENTILATE,vent_fog_assist,inactive,no_humidity_demand,none
2026-09-05 00:03:57.382178+00,VENT_COOL_FOG_ASSIST,temp,blocked,none,f,no_humidity_demand,f,vent_interlock,84,1.22,iris-20260904-0633,false,false,true,true,true,VENTILATE,vent_fog_assist,inactive,no_humidity_demand,none
2026-09-05 00:04:58.45956+00,VENT_COOL_FOG_ASSIST,temp,blocked,none,f,no_humidity_demand,f,vent_interlock,84,1.22,iris-20260904-0633,false,false,true,true,true,VENTILATE,vent_fog_assist,inactive,no_humidity_demand,none
2026-09-05 00:05:59.588693+00,VENT_COOL_FOG_ASSIST,temp,blocked,none,f,no_humidity_demand,f,vent_interlock,84,1.22,iris-20260904-0633,false,false,true,true,true,VENTILATE,vent_fog_assist,inactive,no_humidity_demand,none
2026-09-05 00:06:55.710677+00,VENT_COOL_FOG_ASSIST,temp,blocked,none,f,no_humidity_demand,f,vent_interlock,84,1.22,iris-20260904-0633,false,false,true,true,true,VENTILATE,vent_fog_assist,inactive,no_humidity_demand,none
2026-09-05 00:07:57.158926+00,VENT_COOL_FOG_ASSIST,temp,blocked,none,f,no_humidity_demand,f,vent_interlock,84,1.22,iris-20260904-0633,false,false,true,true,true,VENTILATE,vent_fog_assist,inactive,no_humidity_demand,none
2026-09-05 00:08:58.113165+00,VENT_COOL_FOG_ASSIST,temp,blocked,none,f,no_humidity_demand,f,vent_interlock,84,1.22,iris-20260904-0633,false,false,true,true,true,VENTILATE,vent_fog_assist,inactive,no_humidity_demand,none
2026-09-05 00:09:59.192021+00,VENT_COOL_FOG_ASSIST,temp,blocked,none,f,no_humidity_demand,f,vent_interlock,84,1.22,iris-20260904-0633,false,false,true,true,true,VENTILATE,vent_fog_assist,inactive,no_humidity_demand,none
2026-09-05 00:10:55.186165+00,VENT_COOL_FOG_ASSIST,temp,blocked,none,f,no_humidity_demand,f,vent_interlock,84,1.22,iris-20260904-0633,false,false,true,true,true,VENTILATE,vent_fog_assist,inactive,no_humidity_demand,none
2026-09-05 00:11:56.460303+00,VENT_COOL_FOG_ASSIST,temp,blocked,none,f,no_humidity_demand,f,vent_interlock,84,1.22,iris-20260904-0633,false,false,true,true,true,VENTILATE,vent_fog_assist,inactive,no_humidity_demand,none
2026-09-05 00:12:57.545869+00,VENT_COOL_FOG_ASSIST,temp,blocked,none,f,no_humidity_demand,f,vent_interlock,84,1.22,iris-20260904-0633,false,false,true,true,true,VENTILATE,vent_fog_assist,inactive,no_humidity_demand,none
2026-09-05 00:13:08.176683+00,VENT_COOL_FOG_ASSIST,temp,blocked,none,t,,t,served,84,1.22,iris-20260904-0633,true,false,true,true,true,VENTILATE,vent_fog_assist,served,no_zone_available,none
2026-09-05 00:13:59.31046+00,VENT_COOL_FOG_ASSIST,temp,blocked,none,t,,t,served,84,1.22,iris-20260904-0633,true,false,true,true,true,VENTILATE,vent_fog_assist,served,no_zone_available,none
2026-09-05 00:14:55.37685+00,VENT_COOL_FOG_ASSIST,temp,blocked,none,t,,t,served,84,1.22,iris-20260904-0633,true,false,true,true,true,VENTILATE,vent_fog_assist,served,no_zone_available,none
2026-09-05 00:15:56.451854+00,VENT_COOL_FOG_ASSIST,temp,blocked,none,t,,t,served,84,1.22,iris-20260904-0633,true,false,true,true,true,VENTILATE,vent_fog_assist,served,no_zone_available,none
2026-09-05 00:16:06.853413+00,VENT_COOL_FOG_ASSIST,temp,blocked,none,t,,t,served,84,1.22,iris-20260904-0633,true,false,true,true,true,VENTILATE,vent_fog_assist,served,below_threshold,none
2026-09-05 00:16:58.538633+00,VENT_COOL_FOG_ASSIST,temp,blocked,none,t,,t,served,84,1.22,iris-20260904-0633,true,false,true,true,true,VENTILATE,vent_fog_assist,served,below_threshold,none
2026-09-05 00:17:54.707727+00,VENT_COOL_FOG_ASSIST,temp,blocked,none,t,,t,served,84,1.22,iris-20260904-0633,true,false,true,true,true,VENTILATE,vent_fog_assist,served,below_threshold,none
2026-09-05 00:19:30.814738+00,VENT_COOL_FOG_ASSIST,temp,blocked,none,t,,t,served,84,1.22,iris-20260904-0633,true,false,true,true,true,VENTILATE,vent_fog_assist,served,below_threshold,none
2026-09-05 00:20:31.877661+00,VENT_COOL_FOG_ASSIST,temp,blocked,none,t,,t,served,84,1.22,iris-20260904-0633,true,false,true,true,true,VENTILATE,vent_fog_assist,served,below_threshold,none
2026-09-05 00:21:32.999095+00,VENT_COOL_FOG_ASSIST,temp,blocked,none,t,,t,served,84,1.22,iris-20260904-0633,true,false,true,true,true,VENTILATE,vent_fog_assist,served,below_threshold,none
2026-09-05 00:22:34.449221+00,VENT_COOL_FOG_ASSIST,temp,blocked,none,t,,t,served,84,1.22,iris-20260904-0633,true,false,true,true,true,VENTILATE,vent_fog_assist,served,below_threshold,none
2026-09-05 00:23:35.603784+00,VENT_COOL_FOG_ASSIST,temp,blocked,none,t,,t,served,84,1.22,iris-20260904-0633,true,false,true,true,true,VENTILATE,vent_fog_assist,served,below_threshold,none
2026-09-05 00:24:36.970717+00,VENT_COOL_FOG_ASSIST,temp,blocked,none,t,,t,served,84,1.22,iris-20260904-0633,true,false,true,true,true,VENTILATE,vent_fog_assist,served,below_threshold,none
2026-09-05 00:25:38.139851+00,VENT_COOL_FOG_ASSIST,temp,blocked,none,t,,t,served,84,1.22,iris-20260904-0633,true,false,true,true,true,VENTILATE,vent_fog_assist,served,below_threshold,none
2026-09-05 00:26:19.134594+00,VENT_COOL_FOG_ASSIST,temp,blocked,none,t,,t,served,84,1.22,iris-20260904-0633,true,false,true,true,true,VENTILATE,vent_fog_assist,served,below_threshold,none
2026-09-05 00:26:55.51321+00,VENT_COOL_FOG_ASSIST,temp,blocked,none,t,,t,served,84,1.22,iris-20260904-0633,true,false,true,true,true,VENTILATE,vent_fog_assist,served,below_threshold,none
2026-09-05 00:27:56.674461+00,VENT_COOL_FOG_ASSIST,temp,blocked,none,t,,t,served,84,1.22,iris-20260904-0633,true,false,true,true,true,VENTILATE,vent_fog_assist,served,below_threshold,none
2026-09-05 00:28:57.940589+00,VENT_COOL_FOG_ASSIST,temp,blocked,none,t,,t,served,84,1.22,iris-20260904-0633,true,false,true,true,true,VENTILATE,vent_fog_assist,served,below_threshold,none
2026-09-05 00:29:58.977637+00,VENT_COOL_FOG_ASSIST,temp,blocked,none,t,,t,served,84,1.22,iris-20260904-0633,true,false,true,true,true,VENTILATE,vent_fog_assist,served,below_threshold,none
2026-09-05 00:30:55.196548+00,VENT_COOL_FOG_ASSIST,temp,blocked,none,t,,t,served,84,1.22,iris-20260904-0633,true,false,true,true,true,VENTILATE,vent_fog_assist,served,below_threshold,none
2026-09-05 00:31:56.968949+00,VENT_COOL_FOG_ASSIST,temp,blocked,none,t,,t,served,84,1.22,iris-20260904-0633,true,false,true,true,true,VENTILATE,vent_fog_assist,served,below_threshold,none
2026-09-05 00:32:07.614206+00,VENT_COOL_MIST_ASSIST,temp,blocked,none,f,below_threshold,f,served,84,1.22,iris-20260904-0633,true,false,true,true,true,VENTILATE,vent_mist_assist,served,below_threshold,none
2026-09-05 00:32:37.907539+00,VENT_COOL_FOG_ASSIST,temp,blocked,none,t,,t,served,84,1.22,iris-20260904-0633,true,false,true,true,true,VENTILATE,vent_fog_assist,served,below_threshold,none
2026-09-05 00:32:59.238672+00,VENT_COOL_FOG_ASSIST,temp,blocked,none,t,,t,served,84,1.22,iris-20260904-0633,true,false,true,true,true,VENTILATE,vent_fog_assist,served,below_threshold,none
2026-09-05 00:33:39.55239+00,VENT_COOL_MIST_ASSIST,temp,blocked,none,f,below_threshold,f,served,84,1.22,iris-20260904-0633,true,false,true,true,true,VENTILATE,vent_mist_assist,served,below_threshold,none
2026-09-05 00:33:55.581699+00,VENT_COOL_MIST_ASSIST,temp,blocked,none,f,below_threshold,f,served,84,1.22,preemptive-20260905-0033,true,false,true,true,true,VENTILATE,vent_mist_assist,served,below_threshold,none
2026-09-05 00:34:56.727716+00,VENT_COOL_MIST_ASSIST,temp,blocked,none,f,below_threshold,f,served,84,1.22,preemptive-20260905-0033,true,false,true,true,true,VENTILATE,vent_mist_assist,served,below_threshold,none
2026-09-05 00:35:57.934161+00,VENT_COOL_MIST_ASSIST,temp,blocked,none,f,below_threshold,f,served,84,1.22,preemptive-20260905-0033,true,false,true,true,true,VENTILATE,vent_mist_assist,served,below_threshold,none
2026-09-05 00:36:59.24783+00,VENT_COOL_MIST_ASSIST,temp,blocked,none,f,below_threshold,f,served,84,1.22,preemptive-20260905-0033,true,false,true,true,true,VENTILATE,vent_mist_assist,served,below_threshold,none
2026-09-05 00:37:39.573035+00,VENT_COOL_MIST_ASSIST,temp,blocked,none,f,below_threshold,f,below_threshold,84,1.22,preemptive-20260905-0033,false,false,true,true,true,VENTILATE,vent_mist_assist,blocked:below_threshold,below_threshold,none
2026-09-05 00:37:54.909246+00,VENT_COOL_MIST_ASSIST,temp,blocked,none,f,below_threshold,f,below_threshold,84,1.22,preemptive-20260905-0033,false,false,true,true,true,VENTILATE,vent_mist_assist,blocked:below_threshold,below_threshold,none
2026-09-05 00:38:35.966529+00,VENT_COOL_MIST_ASSIST,temp,blocked,none,f,below_threshold,f,served,84,1.22,preemptive-20260905-0033,true,false,true,true,true,VENTILATE,vent_mist_assist,served,below_threshold,none
2026-09-05 00:38:56.576285+00,VENT_COOL_MIST_ASSIST,temp,blocked,none,f,below_threshold,f,served,84,1.22,preemptive-20260905-0033,true,false,true,true,true,VENTILATE,vent_mist_assist,served,below_threshold,none
2026-09-05 00:39:07.699611+00,VENT_COOL_FOG_ASSIST,temp,blocked,none,t,,t,served,84,1.22,preemptive-20260905-0033,true,false,true,true,true,VENTILATE,vent_fog_assist,served,below_threshold,none
2026-09-05 00:39:37.954658+00,VENT_COOL_MIST_ASSIST,temp,blocked,none,f,below_threshold,f,served,84,1.22,preemptive-20260905-0033,true,false,true,true,true,VENTILATE,vent_mist_assist,served,below_threshold,none
2026-09-05 00:39:58.279946+00,VENT_COOL_MIST_ASSIST,temp,blocked,none,f,below_threshold,f,served,84,1.22,preemptive-20260905-0033,true,false,true,true,true,VENTILATE,vent_mist_assist,served,below_threshold,none
2026-09-05 00:40:59.413071+00,VENT_COOL_MIST_ASSIST,temp,blocked,none,f,below_threshold,f,served,84,1.22,preemptive-20260905-0033,true,false,true,true,true,VENTILATE,vent_mist_assist,served,below_threshold,none
2026-09-05 00:41:55.601254+00,VENT_COOL_MIST_ASSIST,temp,blocked,none,f,below_threshold,f,served,84,1.22,preemptive-20260905-0033,true,false,true,true,true,VENTILATE,vent_mist_assist,served,below_threshold,none
2026-09-05 00:42:06.96112+00,VENT_COOL_MIST_ASSIST,temp,blocked,none,f,below_threshold,f,below_threshold,84,1.22,preemptive-20260905-0033,false,false,true,true,true,VENTILATE,vent_mist_assist,blocked:below_threshold,below_threshold,none
2026-09-05 00:42:57.315242+00,VENT_COOL_MIST_ASSIST,temp,blocked,none,f,below_threshold,f,below_threshold,84,1.22,preemptive-20260905-0033,false,false,true,true,true,VENTILATE,vent_mist_assist,blocked:below_threshold,below_threshold,none
2026-09-05 00:43:08.355666+00,VENT_COOL_MIST_ASSIST,temp,blocked,none,f,below_threshold,f,served,84,1.22,preemptive-20260905-0033,true,false,true,true,true,VENTILATE,vent_mist_assist,served,below_threshold,none
2026-09-05 00:43:23.899588+00,VENT_COOL_FOG_ASSIST,temp,blocked,none,t,,t,served,84,1.22,preemptive-20260905-0033,true,false,true,true,true,VENTILATE,vent_fog_assist,served,below_threshold,none
2026-09-05 00:43:59.260348+00,VENT_COOL_FOG_ASSIST,temp,blocked,none,t,,t,served,84,1.22,preemptive-20260905-0033,true,false,true,true,true,VENTILATE,vent_fog_assist,served,below_threshold,none
2026-09-05 00:44:04.553764+00,VENT_COOL_MIST_ASSIST,temp,blocked,none,f,below_threshold,f,served,84,1.22,preemptive-20260905-0033,true,false,true,true,true,VENTILATE,vent_mist_assist,served,below_threshold,none
2026-09-05 00:44:55.698371+00,VENT_COOL_MIST_ASSIST,temp,blocked,none,f,below_threshold,f,served,84,1.22,preemptive-20260905-0033,true,false,true,true,true,VENTILATE,vent_mist_assist,served,below_threshold,none
