ts,firmware_version,uptime_s,reset_reason,controller_time_epoch,controller_local_hour,sntp_valid,sntp_miss_count,vent_mist_assist_active,zone_wet_granted
2026-09-04 20:30:30.128567+00,2026.7.10.1500.09ee886,139264.453125,Task WDT,1788560300,16,1,0,1,center
2026-09-04 20:31:34.467666+00,2026.7.10.1500.09ee886,139324.453125,Task WDT,1788560360,16,1,0,1,center
2026-09-04 20:32:38.889636+00,2026.7.10.1500.09ee886,139384.453125,Task WDT,1788560420,16,1,0,1,center
2026-09-04 20:33:43.415068+00,2026.7.10.1500.09ee886,139444.453125,Task WDT,1788560480,16,1,0,1,center
2026-09-04 20:34:47.795642+00,2026.7.10.1500.09ee886,139564.453125,Task WDT,1788560600,16,1,0,1,center
2026-09-04 20:35:52.680562+00,2026.7.10.1500.09ee886,139624.453125,Task WDT,1788560660,16,1,0,1,center
2026-09-04 20:36:57.142651+00,2026.7.10.1500.09ee886,139684.453125,Task WDT,1788560720,16,1,0,1,center
2026-09-04 20:38:01.905576+00,2026.7.10.1500.09ee886,139744.453125,Task WDT,1788560780,16,1,0,1,center
2026-09-04 20:39:06.801533+00,2026.7.10.1500.09ee886,139804.453125,Task WDT,1788560840,16,1,0,1,center
2026-09-04 20:40:11.549348+00,2026.7.10.1500.09ee886,139864.453125,Task WDT,1788560900,16,1,0,1,center
2026-09-04 20:41:11.832423+00,2026.7.10.1500.09ee886,139924.453125,Task WDT,1788560960,16,1,0,1,center
2026-09-04 20:42:16.589871+00,2026.7.10.1500.09ee886,139984.453125,Task WDT,1788561020,16,1,0,1,center
2026-09-04 20:43:20.595135+00,2026.7.10.1500.09ee886,140044.453125,Task WDT,1788561080,16,1,0,1,center
2026-09-04 20:44:24.542642+00,2026.7.10.1500.09ee886,140104.453125,Task WDT,1788561140,16,1,0,1,center
2026-09-04 20:45:28.844516+00,2026.7.10.1500.09ee886,140164.453125,Task WDT,1788561200,16,1,0,1,center
2026-09-04 20:46:33.18875+00,2026.7.10.1500.09ee886,140224.453125,Task WDT,1788561260,16,1,0,1,center
2026-09-04 20:47:37.65221+00,2026.7.10.1500.09ee886,140284.453125,Task WDT,1788561320,16,1,0,1,center
2026-09-04 20:48:38.168638+00,2026.7.10.1500.09ee886,140344.453125,Task WDT,1788561380,16,1,0,1,center
2026-09-04 20:49:43.040958+00,2026.7.10.1500.09ee886,140404.453125,Task WDT,1788561440,16,1,0,1,center
2026-09-04 20:50:47.77238+00,2026.7.10.1500.09ee886,140524.46875,Task WDT,1788561560,16,1,0,1,center
2026-09-04 20:51:48.099142+00,2026.7.10.1500.09ee886,140584.46875,Task WDT,1788561620,16,1,0,1,center
2026-09-04 20:52:52.381684+00,2026.7.10.1500.09ee886,140644.46875,Task WDT,1788561680,16,1,0,1,center
2026-09-04 20:53:56.636818+00,2026.7.10.1500.09ee886,140704.46875,Task WDT,1788561740,16,1,0,1,center
2026-09-04 20:55:00.72757+00,2026.7.10.1500.09ee886,140764.46875,Task WDT,1788561800,16,1,0,1,center
2026-09-04 20:56:04.98864+00,2026.7.10.1500.09ee886,140824.46875,Task WDT,1788561860,16,1,0,1,center
2026-09-04 20:57:09.770906+00,2026.7.10.1500.09ee886,140884.46875,Task WDT,1788561920,16,1,0,1,center
2026-09-04 20:58:14.229315+00,2026.7.10.1500.09ee886,140944.46875,Task WDT,1788561980,16,1,0,0,center
2026-09-04 20:59:14.374096+00,2026.7.10.1500.09ee886,141004.46875,Task WDT,1788562040,16,1,0,0,center
2026-09-04 21:00:18.579112+00,2026.7.10.1500.09ee886,141064.46875,Task WDT,1788562100,16,1,0,0,center
2026-09-04 21:01:23.472627+00,2026.7.10.1500.09ee886,141124.46875,Task WDT,1788562160,16,1,0,0,center
2026-09-04 21:02:27.898545+00,2026.7.10.1500.09ee886,141184.46875,Task WDT,1788562220,16,1,0,0,center
2026-09-04 21:03:32.105618+00,2026.7.10.1500.09ee886,141244.46875,Task WDT,1788562280,16,1,0,0,center
2026-09-04 21:04:35.904839+00,2026.7.10.1500.09ee886,141304.46875,Task WDT,1788562340,16,1,0,0,center
2026-09-04 21:05:39.76023+00,2026.7.10.1500.09ee886,141364.46875,Task WDT,1788562400,16,1,0,0,center
2026-09-04 21:06:44.057688+00,2026.7.10.1500.09ee886,141424.46875,Task WDT,1788562460,16,1,0,0,center
2026-09-04 21:07:44.474753+00,2026.7.10.1500.09ee886,141484.46875,Task WDT,1788562520,16,1,0,0,center
2026-09-04 21:08:49.300577+00,2026.7.10.1500.09ee886,141604.46875,Task WDT,1788562640,16,1,0,0,center
2026-09-04 21:09:53.215691+00,2026.7.10.1500.09ee886,141664.484375,Task WDT,1788562700,16,1,0,0,center
2026-09-04 21:10:57.494697+00,2026.7.10.1500.09ee886,141724.484375,Task WDT,1788562760,16,1,0,0,center
2026-09-04 21:12:02.308699+00,2026.7.10.1500.09ee886,141784.484375,Task WDT,1788562820,17,1,0,0,center
2026-09-04 21:13:06.970805+00,2026.7.10.1500.09ee886,141844.484375,Task WDT,1788562880,17,1,0,0,center
2026-09-04 21:14:11.69055+00,2026.7.10.1500.09ee886,141904.484375,Task WDT,1788562940,17,1,0,0,center
2026-09-04 21:15:16.361587+00,2026.7.10.1500.09ee886,141964.484375,Task WDT,1788563000,17,1,0,0,center
2026-09-04 21:16:16.961601+00,2026.7.10.1500.09ee886,142024.484375,Task WDT,1788563060,17,1,0,0,center
2026-09-04 21:17:17.540728+00,2026.7.10.1500.09ee886,142084.484375,Task WDT,1788563120,17,1,0,0,center
2026-09-04 21:18:22.331159+00,2026.7.10.1500.09ee886,142144.484375,Task WDT,1788563180,17,1,0,0,center
2026-09-04 21:19:26.393285+00,2026.7.10.1500.09ee886,142204.484375,Task WDT,1788563240,17,1,0,0,center
2026-09-04 21:20:30.687972+00,2026.7.10.1500.09ee886,142264.484375,Task WDT,1788563300,17,1,0,0,center
2026-09-04 21:21:35.266651+00,2026.7.10.1500.09ee886,142324.484375,Task WDT,1788563360,17,1,0,0,center
2026-09-04 21:22:39.564698+00,2026.7.10.1500.09ee886,142384.484375,Task WDT,1788563420,17,1,0,0,center
2026-09-04 21:23:40.689523+00,2026.7.10.1500.09ee886,142444.5,Task WDT,1788563480,17,1,0,0,center
2026-09-04 21:24:45.304292+00,2026.7.10.1500.09ee886,142504.5,Task WDT,1788563600,17,1,0,0,center
2026-09-04 21:25:50.504153+00,2026.7.10.1500.09ee886,142624.5,Task WDT,1788563660,17,1,0,0,center
2026-09-04 21:26:50.693555+00,2026.7.10.1500.09ee886,142684.5,Task WDT,1788563720,17,1,0,0,center
2026-09-04 21:27:54.697857+00,2026.7.10.1500.09ee886,142744.5,Task WDT,1788563780,17,1,0,0,center
2026-09-04 21:28:58.993229+00,2026.7.10.1500.09ee886,142804.5,Task WDT,1788563840,17,1,0,0,center
2026-09-04 21:30:02.784767+00,2026.7.10.1500.09ee886,142864.5,Task WDT,1788563900,17,1,0,0,center
2026-09-04 21:31:07.094647+00,2026.7.10.1500.09ee886,142924.5,Task WDT,1788563960,17,1,0,0,center
2026-09-04 21:32:11.617181+00,2026.7.10.1500.09ee886,142984.5,Task WDT,1788564020,17,1,0,0,center
2026-09-04 21:33:11.636377+00,2026.7.10.1500.09ee886,143044.5,Task WDT,1788564080,17,1,0,0,center
2026-09-04 21:34:15.139696+00,2026.7.10.1500.09ee886,143104.5,Task WDT,1788564140,17,1,0,0,center
2026-09-04 21:35:15.20083+00,2026.7.10.1500.09ee886,143164.5,Task WDT,1788564200,17,1,0,0,center
2026-09-04 21:36:19.978225+00,2026.7.10.1500.09ee886,143224.515625,Task WDT,1788564260,17,1,0,0,center
2026-09-04 21:37:24.309305+00,2026.7.10.1500.09ee886,143284.515625,Task WDT,1788564320,17,1,0,0,center
2026-09-04 21:38:28.535969+00,2026.7.10.1500.09ee886,143344.515625,Task WDT,1788564380,17,1,0,0,center
2026-09-04 21:39:32.193301+00,2026.7.10.1500.09ee886,143404.515625,Task WDT,1788564440,17,1,0,0,center
2026-09-04 21:40:36.362816+00,2026.7.10.1500.09ee886,143464.515625,Task WDT,1788564500,17,1,0,0,center
2026-09-04 21:41:40.291103+00,2026.7.10.1500.09ee886,143524.515625,Task WDT,1788564560,17,1,0,0,center
2026-09-04 21:42:44.470725+00,2026.7.10.1500.09ee886,143584.515625,Task WDT,1788564620,17,1,0,0,center
2026-09-04 21:43:44.732639+00,2026.7.10.1500.09ee886,143644.515625,Task WDT,1788564680,17,1,0,0,center
2026-09-04 21:44:48.802335+00,2026.7.10.1500.09ee886,143764.53125,Task WDT,1788564800,17,1,0,0,center
2026-09-04 21:45:53.067249+00,2026.7.10.1500.09ee886,143824.53125,Task WDT,1788564860,17,1,0,0,center
2026-09-04 21:46:54.077682+00,2026.7.10.1500.09ee886,143884.53125,Task WDT,1788564920,17,1,0,0,center
2026-09-04 21:47:58.713912+00,2026.7.10.1500.09ee886,143944.53125,Task WDT,1788564980,17,1,0,0,center
2026-09-04 21:48:59.054156+00,2026.7.10.1500.09ee886,144004.53125,Task WDT,1788565040,17,1,0,0,center
2026-09-04 21:50:03.38429+00,2026.7.10.1500.09ee886,144064.53125,Task WDT,1788565100,17,1,0,0,center
2026-09-04 21:51:08.061701+00,2026.7.10.1500.09ee886,144124.53125,Task WDT,1788565160,17,1,0,0,center
2026-09-04 21:52:08.699988+00,2026.7.10.1500.09ee886,144184.53125,Task WDT,1788565220,17,1,0,0,center
2026-09-04 21:53:13.475207+00,2026.7.10.1500.09ee886,144244.53125,Task WDT,1788565280,17,1,0,0,center
2026-09-04 21:54:17.618308+00,2026.7.10.1500.09ee886,144304.53125,Task WDT,1788565340,17,1,0,0,center
2026-09-04 21:55:21.202749+00,2026.7.10.1500.09ee886,144364.53125,Task WDT,1788565400,17,1,0,0,center
2026-09-04 21:56:25.160131+00,2026.7.10.1500.09ee886,144424.53125,Task WDT,1788565460,17,1,0,0,center
2026-09-04 21:57:29.630234+00,2026.7.10.1500.09ee886,144484.53125,Task WDT,1788565520,17,1,0,0,center
2026-09-04 21:58:34.528392+00,2026.7.10.1500.09ee886,144544.53125,Task WDT,1788565580,17,1,0,0,center
2026-09-04 21:59:38.778772+00,2026.7.10.1500.09ee886,144604.53125,Task WDT,1788565640,17,1,0,0,center
2026-09-04 22:00:43.249086+00,2026.7.10.1500.09ee886,144664.53125,Task WDT,1788565700,17,1,0,0,center
2026-09-04 22:01:47.953162+00,2026.7.10.1500.09ee886,144784.546875,Task WDT,1788565820,17,1,0,0,center
2026-09-04 22:02:53.01669+00,2026.7.10.1500.09ee886,144844.546875,Task WDT,1788565880,17,1,0,0,center
2026-09-04 22:03:53.071676+00,2026.7.10.1500.09ee886,144904.546875,Task WDT,1788565940,17,1,0,0,center
2026-09-04 22:04:57.203167+00,2026.7.10.1500.09ee886,144964.546875,Task WDT,1788566000,17,1,0,0,center
2026-09-04 22:06:01.806415+00,2026.7.10.1500.09ee886,145024.546875,Task WDT,1788566060,17,1,0,0,center
2026-09-04 22:07:06.498113+00,2026.7.10.1500.09ee886,145084.546875,Task WDT,1788566120,17,1,0,0,center
2026-09-04 22:08:11.444691+00,2026.7.10.1500.09ee886,145144.546875,Task WDT,1788566180,17,1,0,0,center
2026-09-04 22:09:16.073327+00,2026.7.10.1500.09ee886,145204.546875,Task WDT,1788566240,17,1,0,0,center
2026-09-04 22:10:20.955743+00,2026.7.10.1500.09ee886,145264.546875,Task WDT,1788566300,17,1,0,0,center
2026-09-04 22:11:25.512703+00,2026.7.10.1500.09ee886,145324.546875,Task WDT,1788566360,17,1,0,0,center
2026-09-04 22:12:30.366689+00,2026.7.10.1500.09ee886,145384.546875,Task WDT,1788566420,18,1,0,0,center
2026-09-04 22:13:34.648233+00,2026.7.10.1500.09ee886,145444.5625,Task WDT,1788566480,18,1,0,0,center
2026-09-04 22:14:39.865877+00,2026.7.10.1500.09ee886,145504.546875,Task WDT,1788566540,18,1,0,0,center
2026-09-04 22:15:44.161186+00,2026.7.10.1500.09ee886,145564.546875,Task WDT,1788566600,18,1,0,0,center
2026-09-04 22:16:49.078062+00,2026.7.10.1500.09ee886,145684.5625,Task WDT,1788566720,18,1,0,0,center
2026-09-04 22:17:54.510138+00,2026.7.10.1500.09ee886,145744.5625,Task WDT,1788566780,18,1,0,0,center
2026-09-04 22:18:58.847665+00,2026.7.10.1500.09ee886,145804.5625,Task WDT,1788566840,18,1,0,0,center
2026-09-04 22:20:03.654226+00,2026.7.10.1500.09ee886,145864.5625,Task WDT,1788566900,18,1,0,0,center
2026-09-04 22:21:03.752956+00,2026.7.10.1500.09ee886,145924.5625,Task WDT,1788566960,18,1,0,0,center
2026-09-04 22:22:04.020788+00,2026.7.10.1500.09ee886,145984.5625,Task WDT,1788567020,18,1,0,0,center
2026-09-04 22:23:08.438692+00,2026.7.10.1500.09ee886,146044.5625,Task WDT,1788567080,18,1,0,0,center
2026-09-04 22:24:13.03114+00,2026.7.10.1500.09ee886,146104.5625,Task WDT,1788567140,18,1,0,0,center
2026-09-04 22:25:17.212642+00,2026.7.10.1500.09ee886,146164.5625,Task WDT,1788567200,18,1,0,0,center
2026-09-04 22:26:17.365776+00,2026.7.10.1500.09ee886,146224.5625,Task WDT,1788567260,18,1,0,0,center
2026-09-04 22:27:22.200313+00,2026.7.10.1500.09ee886,146284.5625,Task WDT,1788567320,18,1,0,0,center
2026-09-04 22:28:22.416267+00,2026.7.10.1500.09ee886,146344.5625,Task WDT,1788567380,18,1,0,0,center
2026-09-04 22:29:26.919179+00,2026.7.10.1500.09ee886,146404.5625,Task WDT,1788567440,18,1,0,0,center
2026-09-04 22:30:31.810294+00,2026.7.10.1500.09ee886,146464.5625,Task WDT,1788567500,18,1,0,0,center
2026-09-04 22:31:32.102436+00,2026.7.10.1500.09ee886,146524.5625,Task WDT,1788567560,18,1,0,0,center
2026-09-04 22:32:32.27629+00,2026.7.10.1500.09ee886,146584.5625,Task WDT,1788567620,18,1,0,0,center
2026-09-04 22:33:36.847513+00,2026.7.10.1500.09ee886,146644.578125,Task WDT,1788567680,18,1,0,0,center
2026-09-04 22:34:41.357634+00,2026.7.10.1500.09ee886,146704.578125,Task WDT,1788567740,18,1,0,0,center
2026-09-04 22:35:45.328701+00,2026.7.10.1500.09ee886,146764.578125,Task WDT,1788567800,18,1,0,0,center
2026-09-04 22:36:46.022678+00,2026.7.10.1500.09ee886,146824.578125,Task WDT,1788567920,18,1,0,0,center
2026-09-04 22:37:46.188702+00,2026.7.10.1500.09ee886,146884.578125,Task WDT,1788567980,18,1,0,0,center
2026-09-04 22:38:50.855847+00,2026.7.10.1500.09ee886,147004.578125,Task WDT,1788568040,18,1,0,0,center
2026-09-04 22:39:55.277688+00,2026.7.10.1500.09ee886,147064.578125,Task WDT,1788568100,18,1,0,0,center
2026-09-04 22:40:55.748245+00,2026.7.10.1500.09ee886,147124.578125,Task WDT,1788568160,18,1,0,0,center
2026-09-04 22:41:59.720603+00,2026.7.10.1500.09ee886,147184.578125,Task WDT,1788568220,18,1,0,0,center
2026-09-04 22:43:04.376234+00,2026.7.10.1500.09ee886,147244.59375,Task WDT,1788568280,18,1,0,0,center
2026-09-04 22:44:05.007162+00,2026.7.10.1500.09ee886,147304.59375,Task WDT,1788568340,18,1,0,0,center
2026-09-04 22:45:09.359112+00,2026.7.10.1500.09ee886,147364.59375,Task WDT,1788568400,18,1,0,0,center
2026-09-04 22:46:13.800689+00,2026.7.10.1500.09ee886,147424.59375,Task WDT,1788568460,18,1,0,0,center
2026-09-04 22:47:18.462918+00,2026.7.10.1500.09ee886,147484.59375,Task WDT,1788568520,18,1,0,0,center
2026-09-04 22:48:19.588695+00,2026.7.10.1500.09ee886,147544.59375,Task WDT,1788568580,18,1,0,0,center
2026-09-04 22:49:24.224602+00,2026.7.10.1500.09ee886,147604.59375,Task WDT,1788568640,18,1,0,0,center
2026-09-04 22:50:24.23735+00,2026.7.10.1500.09ee886,147664.59375,Task WDT,1788568700,18,1,0,0,center
2026-09-04 22:51:28.941717+00,2026.7.10.1500.09ee886,147724.59375,Task WDT,1788568760,18,1,0,0,center
2026-09-04 22:52:29.133286+00,2026.7.10.1500.09ee886,147784.59375,Task WDT,1788568820,18,1,0,0,center
2026-09-04 22:53:29.347663+00,2026.7.10.1500.09ee886,147844.59375,Task WDT,1788568880,18,1,0,0,center
2026-09-04 22:54:33.837635+00,2026.7.10.1500.09ee886,147904.59375,Task WDT,1788568940,18,1,0,0,center
2026-09-04 22:55:38.544639+00,2026.7.10.1500.09ee886,147964.609375,Task WDT,1788569000,18,1,0,0,center
2026-09-04 22:56:38.650989+00,2026.7.10.1500.09ee886,148024.609375,Task WDT,1788569060,18,1,0,0,center
2026-09-04 22:57:43.149762+00,2026.7.10.1500.09ee886,148084.609375,Task WDT,1788569120,18,1,0,0,center
2026-09-04 22:58:47.509174+00,2026.7.10.1500.09ee886,148144.609375,Task WDT,1788569240,18,1,0,0,center
2026-09-04 22:59:52.194419+00,2026.7.10.1500.09ee886,148264.609375,Task WDT,1788569300,18,1,0,0,center
2026-09-04 23:00:56.949193+00,2026.7.10.1500.09ee886,148324.609375,Task WDT,1788569360,18,1,0,0,center
2026-09-04 23:01:58.489791+00,2026.7.10.1500.09ee886,148384.609375,Task WDT,1788569420,18,1,0,0,center
2026-09-04 23:02:59.87528+00,2026.7.10.1500.09ee886,148444.609375,Task WDT,1788569480,18,1,0,0,center
2026-09-04 23:04:01.065152+00,2026.7.10.1500.09ee886,148504.609375,Task WDT,1788569540,18,1,0,0,center
2026-09-04 23:05:02.308669+00,2026.7.10.1500.09ee886,148564.609375,Task WDT,1788569600,18,1,0,0,center
2026-09-04 23:06:03.64997+00,2026.7.10.1500.09ee886,148624.609375,Task WDT,1788569660,18,1,0,0,center
2026-09-04 23:07:05.295721+00,2026.7.10.1500.09ee886,148684.609375,Task WDT,1788569720,18,1,0,0,center
2026-09-04 23:08:06.652837+00,2026.7.10.1500.09ee886,148744.609375,Task WDT,1788569780,18,1,0,0,center
2026-09-04 23:09:07.796535+00,2026.7.10.1500.09ee886,148804.609375,Task WDT,1788569840,18,1,0,0,center
2026-09-04 23:10:08.933224+00,2026.7.10.1500.09ee886,148864.609375,Task WDT,1788569900,18,1,0,0,center
2026-09-04 23:11:09.978255+00,2026.7.10.1500.09ee886,148924.609375,Task WDT,1788569960,18,1,0,0,center
2026-09-04 23:12:11.398427+00,2026.7.10.1500.09ee886,148984.625,Task WDT,1788570020,19,1,0,0,center
2026-09-04 23:13:12.686688+00,2026.7.10.1500.09ee886,149044.625,Task WDT,1788570080,19,1,0,0,center
2026-09-04 23:14:13.968697+00,2026.7.10.1500.09ee886,149104.625,Task WDT,1788570140,19,1,0,0,center
2026-09-04 23:15:15.018773+00,2026.7.10.1500.09ee886,149164.625,Task WDT,1788570200,19,1,0,0,center
2026-09-04 23:16:16.052402+00,2026.7.10.1500.09ee886,149224.625,Task WDT,1788570260,19,1,0,0,center
2026-09-04 23:17:17.281577+00,2026.7.10.1500.09ee886,149284.625,Task WDT,1788570320,19,1,0,0,center
2026-09-04 23:18:18.354685+00,2026.7.10.1500.09ee886,149344.625,Task WDT,1788570380,19,1,0,0,center
2026-09-04 23:19:19.982748+00,2026.7.10.1500.09ee886,149404.625,Task WDT,1788570440,19,1,0,0,center
2026-09-04 23:20:21.060562+00,2026.7.10.1500.09ee886,149464.625,Task WDT,1788570500,19,1,0,0,center
2026-09-04 23:21:22.118049+00,2026.7.10.1500.09ee886,149524.625,Task WDT,1788570560,19,1,0,0,center
2026-09-04 23:22:23.803662+00,2026.7.10.1500.09ee886,149584.625,Task WDT,1788570620,19,1,0,0,center
2026-09-04 23:23:24.819784+00,2026.7.10.1500.09ee886,149644.640625,Task WDT,1788570680,19,1,0,0,center
2026-09-04 23:24:25.998526+00,2026.7.10.1500.09ee886,149704.640625,Task WDT,1788570740,19,1,0,0,center
2026-09-04 23:25:27.202307+00,2026.7.10.1500.09ee886,149764.640625,Task WDT,1788570800,19,1,0,0,center
2026-09-04 23:26:28.428395+00,2026.7.10.1500.09ee886,149824.640625,Task WDT,1788570860,19,1,0,0,center
2026-09-04 23:27:29.706462+00,2026.7.10.1500.09ee886,149884.640625,Task WDT,1788570920,19,1,0,0,center
2026-09-04 23:28:31.091297+00,2026.7.10.1500.09ee886,149944.640625,Task WDT,1788570980,19,1,0,0,center
2026-09-04 23:29:32.181862+00,2026.7.10.1500.09ee886,150004.640625,Task WDT,1788571040,19,1,0,0,center
2026-09-04 23:30:33.047644+00,2026.7.10.1500.09ee886,150064.640625,Task WDT,1788571100,19,1,0,0,center
2026-09-04 23:31:34.309254+00,2026.7.10.1500.09ee886,150124.640625,Task WDT,1788571160,19,1,0,0,center
2026-09-04 23:32:35.659245+00,2026.7.10.1500.09ee886,150184.640625,Task WDT,1788571220,19,1,0,0,center
2026-09-04 23:33:36.832205+00,2026.7.10.1500.09ee886,150244.640625,Task WDT,1788571280,19,1,0,0,center
2026-09-04 23:34:38.127362+00,2026.7.10.1500.09ee886,150304.640625,Task WDT,1788571340,19,1,0,0,center
2026-09-04 23:35:39.192531+00,2026.7.10.1500.09ee886,150364.640625,Task WDT,1788571400,19,1,0,0,center
2026-09-04 23:36:40.07318+00,2026.7.10.1500.09ee886,150424.640625,Task WDT,1788571460,19,1,0,0,center
2026-09-04 23:37:41.275707+00,2026.7.10.1500.09ee886,150484.640625,Task WDT,1788571520,19,1,0,0,center
2026-09-04 23:38:42.478656+00,2026.7.10.1500.09ee886,150544.65625,Task WDT,1788571580,19,1,0,0,center
2026-09-04 23:39:43.609683+00,2026.7.10.1500.09ee886,150604.65625,Task WDT,1788571640,19,1,0,0,center
2026-09-04 23:40:44.6409+00,2026.7.10.1500.09ee886,150664.640625,Task WDT,1788571700,19,1,0,0,center
2026-09-04 23:41:45.865398+00,2026.7.10.1500.09ee886,150724.65625,Task WDT,1788571820,19,1,0,0,center
2026-09-04 23:42:47.07755+00,2026.7.10.1500.09ee886,150784.65625,Task WDT,1788571880,19,1,0,0,center
2026-09-04 23:43:48.407997+00,2026.7.10.1500.09ee886,150844.65625,Task WDT,1788571880,19,1,0,0,center
2026-09-04 23:44:49.400683+00,2026.7.10.1500.09ee886,150964.65625,Task WDT,1788572000,19,1,0,0,center
2026-09-04 23:45:50.517611+00,2026.7.10.1500.09ee886,151024.65625,Task WDT,1788572060,19,1,0,0,center
2026-09-04 23:46:51.855072+00,2026.7.10.1500.09ee886,151084.65625,Task WDT,1788572120,19,1,0,0,center
2026-09-04 23:47:52.900269+00,2026.7.10.1500.09ee886,151144.65625,Task WDT,1788572180,19,1,0,0,center
2026-09-04 23:48:54.486029+00,2026.7.10.1500.09ee886,151204.65625,Task WDT,1788572240,19,1,0,0,center
2026-09-04 23:49:55.501651+00,2026.7.10.1500.09ee886,151264.65625,Task WDT,1788572300,19,1,0,0,center
2026-09-04 23:50:56.463142+00,2026.7.10.1500.09ee886,151324.65625,Task WDT,1788572360,19,1,0,0,center
2026-09-04 23:51:57.588577+00,2026.7.10.1500.09ee886,151384.65625,Task WDT,1788572420,19,1,0,0,center
2026-09-04 23:52:59.568621+00,2026.7.10.1500.09ee886,151444.65625,Task WDT,1788572480,19,1,0,0,center
2026-09-04 23:54:00.711158+00,2026.7.10.1500.09ee886,151504.65625,Task WDT,1788572540,19,1,0,0,center
2026-09-04 23:55:01.765203+00,2026.7.10.1500.09ee886,151564.65625,Task WDT,1788572600,19,1,0,0,center
2026-09-04 23:56:02.998048+00,2026.7.10.1500.09ee886,151624.65625,Task WDT,1788572660,19,1,0,0,center
2026-09-04 23:57:04.225148+00,2026.7.10.1500.09ee886,151684.65625,Task WDT,1788572720,19,1,0,0,center
2026-09-04 23:58:05.323441+00,2026.7.10.1500.09ee886,151744.671875,Task WDT,1788572780,19,1,0,0,center
2026-09-04 23:59:06.742195+00,2026.7.10.1500.09ee886,151804.671875,Task WDT,1788572840,19,1,0,0,center
2026-09-05 00:00:07.827394+00,2026.7.10.1500.09ee886,151864.671875,Task WDT,1788572900,19,1,0,0,center
2026-09-05 00:01:09.051671+00,2026.7.10.1500.09ee886,151924.671875,Task WDT,1788572960,19,1,0,0,center
2026-09-05 00:02:10.259536+00,2026.7.10.1500.09ee886,151984.671875,Task WDT,1788573020,19,1,0,0,center
2026-09-05 00:03:11.542339+00,2026.7.10.1500.09ee886,152044.671875,Task WDT,1788573080,19,1,0,0,center
2026-09-05 00:04:12.712752+00,2026.7.10.1500.09ee886,152104.671875,Task WDT,1788573140,19,1,0,0,center
2026-09-05 00:05:13.803712+00,2026.7.10.1500.09ee886,152164.671875,Task WDT,1788573200,19,1,0,0,center
2026-09-05 00:06:14.908642+00,2026.7.10.1500.09ee886,152224.671875,Task WDT,1788573260,19,1,0,0,center
2026-09-05 00:07:16.376965+00,2026.7.10.1500.09ee886,152284.671875,Task WDT,1788573320,19,1,0,0,center
2026-09-05 00:08:17.413272+00,2026.7.10.1500.09ee886,152344.671875,Task WDT,1788573380,19,1,0,0,center
2026-09-05 00:09:18.394694+00,2026.7.10.1500.09ee886,152404.671875,Task WDT,1788573440,19,1,0,0,center
2026-09-05 00:10:19.600656+00,2026.7.10.1500.09ee886,152464.671875,Task WDT,1788573500,19,1,0,0,center
2026-09-05 00:11:20.486279+00,2026.7.10.1500.09ee886,152524.671875,Task WDT,1788573560,19,1,0,0,center
2026-09-05 00:12:21.820326+00,2026.7.10.1500.09ee886,152584.671875,Task WDT,1788573620,20,1,0,0,center
2026-09-05 00:13:23.554552+00,2026.7.10.1500.09ee886,152644.671875,Task WDT,1788573680,20,1,0,0,center
2026-09-05 00:14:24.57613+00,2026.7.10.1500.09ee886,152704.671875,Task WDT,1788573740,20,1,0,1,center
2026-09-05 00:15:25.755806+00,2026.7.10.1500.09ee886,152764.671875,Task WDT,1788573800,20,1,0,1,center
2026-09-05 00:16:27.556125+00,2026.7.10.1500.09ee886,152824.671875,Task WDT,1788573860,20,1,0,1,center
2026-09-05 00:17:28.906702+00,2026.7.10.1500.09ee886,152884.671875,Task WDT,1788573920,20,1,0,1,center
2026-09-05 00:18:30.067722+00,2026.7.10.1500.09ee886,152944.671875,Task WDT,1788573980,20,1,0,1,center
2026-09-05 00:19:30.814738+00,2026.7.10.1500.09ee886,152944.671875,Task WDT,1788573980,20,1,0,1,center
2026-09-05 00:20:31.877661+00,2026.7.10.1500.09ee886,152944.671875,Task WDT,1788573980,20,1,0,1,center
2026-09-05 00:21:32.999095+00,2026.7.10.1500.09ee886,152944.671875,Task WDT,1788573980,20,1,0,1,center
2026-09-05 00:22:34.449221+00,2026.7.10.1500.09ee886,152944.671875,Task WDT,1788573980,20,1,0,1,center
2026-09-05 00:23:35.603784+00,2026.7.10.1500.09ee886,152944.671875,Task WDT,1788573980,20,1,0,1,center
2026-09-05 00:24:36.970717+00,2026.7.10.1500.09ee886,152944.671875,Task WDT,1788573980,20,1,0,1,center
2026-09-05 00:25:38.139851+00,2026.7.10.1500.09ee886,152944.671875,Task WDT,1788573980,20,1,0,1,center
2026-09-05 00:26:39.846701+00,2026.7.10.1500.09ee886,153424.671875,Task WDT,1788574460,20,1,0,1,center
2026-09-05 00:27:40.838602+00,2026.7.10.1500.09ee886,153484.671875,Task WDT,1788574520,20,1,0,1,center
2026-09-05 00:28:41.987272+00,2026.7.10.1500.09ee886,153544.671875,Task WDT,1788574580,20,1,0,1,center
2026-09-05 00:29:43.355257+00,2026.7.10.1500.09ee886,153604.671875,Task WDT,1788574640,20,1,0,1,center
2026-09-05 00:30:44.338745+00,2026.7.10.1500.09ee886,153664.671875,Task WDT,1788574700,20,1,0,1,center
2026-09-05 00:31:46.058579+00,2026.7.10.1500.09ee886,153724.671875,Task WDT,1788574820,20,1,0,1,center
2026-09-05 00:32:48.210053+00,2026.7.10.1500.09ee886,153844.671875,Task WDT,1788574880,20,1,0,1,center
2026-09-05 00:33:49.858094+00,2026.7.10.1500.09ee886,153904.671875,Task WDT,1788574940,20,1,0,1,center
2026-09-05 00:34:51.001461+00,2026.7.10.1500.09ee886,153964.671875,Task WDT,1788575000,20,1,0,1,center
2026-09-05 00:35:52.125664+00,2026.7.10.1500.09ee886,154024.671875,Task WDT,1788575060,20,1,0,1,center
2026-09-05 00:36:53.359428+00,2026.7.10.1500.09ee886,154084.671875,Task WDT,1788575120,20,1,0,1,center
2026-09-05 00:37:54.909246+00,2026.7.10.1500.09ee886,154144.671875,Task WDT,1788575180,20,1,0,1,center
2026-09-05 00:38:56.576285+00,2026.7.10.1500.09ee886,154204.671875,Task WDT,1788575240,20,1,0,1,center
2026-09-05 00:39:58.279946+00,2026.7.10.1500.09ee886,154264.671875,Task WDT,1788575300,20,1,0,1,center
2026-09-05 00:40:59.413071+00,2026.7.10.1500.09ee886,154324.671875,Task WDT,1788575360,20,1,0,1,center
2026-09-05 00:42:00.950009+00,2026.7.10.1500.09ee886,154384.671875,Task WDT,1788575420,20,1,0,1,center
2026-09-05 00:43:02.630748+00,2026.7.10.1500.09ee886,154444.6875,Task WDT,1788575480,20,1,0,1,center
2026-09-05 00:44:04.553764+00,2026.7.10.1500.09ee886,154504.6875,Task WDT,1788575540,20,1,0,1,center
