ts,equipment,state
2026-09-04 20:30:28.277635+00,grow_light_grow,f
2026-09-04 20:30:28.277635+00,grow_light_main,f
2026-09-04 20:31:48.379704+00,water_flowing,f
2026-09-04 20:32:28.148481+00,water_flowing,t
2026-09-04 20:32:48.376329+00,water_flowing,t
2026-09-04 20:33:28.224324+00,water_flowing,f
2026-09-04 20:34:28.299625+00,water_flowing,t
2026-09-04 20:34:48.379341+00,water_flowing,f
2026-09-04 20:35:28.390418+00,water_flowing,t
2026-09-04 20:35:28.547607+00,grow_light_grow,f
2026-09-04 20:35:28.547607+00,grow_light_main,f
2026-09-04 20:35:48.381978+00,water_flowing,t
2026-09-04 20:38:48.382415+00,water_flowing,f
2026-09-04 20:39:48.38237+00,water_flowing,t
2026-09-04 20:40:28.995739+00,grow_light_grow,f
2026-09-04 20:40:28.995739+00,grow_light_main,f
2026-09-04 20:42:48.389778+00,water_flowing,f
2026-09-04 20:43:48.391919+00,water_flowing,t
2026-09-04 20:45:29.22564+00,grow_light_grow,f
2026-09-04 20:45:29.22564+00,grow_light_main,f
2026-09-04 20:45:48.398363+00,water_flowing,f
2026-09-04 20:46:29.162308+00,water_flowing,t
2026-09-04 20:46:48.390286+00,water_flowing,t
2026-09-04 20:47:29.22486+00,water_flowing,f
2026-09-04 20:48:29.233971+00,water_flowing,t
2026-09-04 20:49:48.393956+00,water_flowing,f
2026-09-04 20:50:29.393056+00,water_flowing,t
2026-09-04 20:50:31.408693+00,grow_light_grow,f
2026-09-04 20:50:31.408693+00,grow_light_main,f
2026-09-04 20:50:48.375249+00,water_flowing,t
2026-09-04 20:51:29.535332+00,water_flowing,f
2026-09-04 20:52:29.523359+00,water_flowing,t
2026-09-04 20:52:48.395387+00,water_flowing,f
2026-09-04 20:53:48.399042+00,water_flowing,t
2026-09-04 20:55:29.895486+00,grow_light_grow,f
2026-09-04 20:55:29.895486+00,grow_light_main,f
2026-09-04 20:56:48.402614+00,water_flowing,f
2026-09-04 20:57:03.386706+00,fog,f
2026-09-04 20:57:48.408342+00,water_flowing,t
2026-09-04 20:58:48.410309+00,water_flowing,f
2026-09-04 21:00:30.40603+00,grow_light_grow,f
2026-09-04 21:00:30.40603+00,grow_light_main,f
2026-09-04 21:05:30.680602+00,grow_light_grow,f
2026-09-04 21:05:30.680602+00,grow_light_main,f
2026-09-04 21:10:31.084377+00,grow_light_grow,f
2026-09-04 21:10:31.084377+00,grow_light_main,f
2026-09-04 21:15:31.381433+00,grow_light_grow,f
2026-09-04 21:15:31.381433+00,grow_light_main,f
2026-09-04 21:20:31.882362+00,grow_light_grow,f
2026-09-04 21:20:31.882362+00,grow_light_main,f
2026-09-04 21:25:32.018123+00,grow_light_grow,f
2026-09-04 21:25:32.018123+00,grow_light_main,f
2026-09-04 21:30:32.418344+00,grow_light_grow,f
2026-09-04 21:30:32.418344+00,grow_light_main,f
2026-09-04 21:35:32.667297+00,grow_light_grow,f
2026-09-04 21:35:32.667297+00,grow_light_main,f
2026-09-04 21:40:33.072659+00,grow_light_grow,f
2026-09-04 21:40:33.072659+00,grow_light_main,f
2026-09-04 21:45:33.310052+00,grow_light_grow,f
2026-09-04 21:45:33.310052+00,grow_light_main,f
2026-09-04 21:50:33.739048+00,grow_light_grow,f
2026-09-04 21:50:33.739048+00,grow_light_main,f
2026-09-04 21:55:34.088789+00,grow_light_grow,f
2026-09-04 21:55:34.088789+00,grow_light_main,f
2026-09-04 22:00:34.497706+00,grow_light_grow,f
2026-09-04 22:00:34.497706+00,grow_light_main,f
2026-09-04 22:05:34.740681+00,grow_light_grow,f
2026-09-04 22:05:34.740681+00,grow_light_main,f
2026-09-04 22:10:35.136259+00,grow_light_grow,f
2026-09-04 22:10:35.136259+00,grow_light_main,f
2026-09-04 22:15:35.465787+00,grow_light_grow,f
2026-09-04 22:15:35.465787+00,grow_light_main,f
2026-09-04 22:20:35.869364+00,grow_light_grow,f
2026-09-04 22:20:35.869364+00,grow_light_main,f
2026-09-04 22:21:21.486612+00,grow_light_main,t
2026-09-04 22:21:21.486717+00,grow_light_grow,t
2026-09-04 22:24:21.484975+00,grow_light_main,f
2026-09-04 22:24:21.485076+00,grow_light_grow,f
2026-09-04 22:25:36.116731+00,grow_light_grow,f
2026-09-04 22:25:36.116731+00,grow_light_main,f
2026-09-04 22:30:36.600291+00,grow_light_grow,f
2026-09-04 22:30:36.600291+00,grow_light_main,f
2026-09-04 22:35:36.8356+00,grow_light_grow,f
2026-09-04 22:35:36.8356+00,grow_light_main,f
2026-09-04 22:40:37.1993+00,grow_light_grow,f
2026-09-04 22:40:37.1993+00,grow_light_main,f
2026-09-04 22:45:37.644622+00,grow_light_grow,f
2026-09-04 22:45:37.644622+00,grow_light_main,f
2026-09-04 22:50:37.917409+00,grow_light_grow,f
2026-09-04 22:50:37.917409+00,grow_light_main,f
2026-09-04 22:55:38.320679+00,grow_light_grow,f
2026-09-04 22:55:38.320679+00,grow_light_main,f
2026-09-04 23:00:38.64072+00,grow_light_grow,f
2026-09-04 23:00:38.64072+00,grow_light_main,f
2026-09-04 23:05:39.058983+00,grow_light_grow,f
2026-09-04 23:05:39.058983+00,grow_light_main,f
2026-09-04 23:10:39.453719+00,grow_light_grow,f
2026-09-04 23:10:39.453719+00,grow_light_main,f
2026-09-04 23:15:39.829817+00,grow_light_grow,f
2026-09-04 23:15:39.829817+00,grow_light_main,f
2026-09-04 23:20:40.115385+00,grow_light_grow,f
2026-09-04 23:20:40.115385+00,grow_light_main,f
2026-09-04 23:25:40.41802+00,grow_light_grow,f
2026-09-04 23:25:40.41802+00,grow_light_main,f
2026-09-04 23:30:40.792515+00,grow_light_grow,f
2026-09-04 23:30:40.792515+00,grow_light_main,f
2026-09-04 23:35:41.045045+00,grow_light_grow,f
2026-09-04 23:35:41.045045+00,grow_light_main,f
2026-09-04 23:40:41.473102+00,grow_light_grow,f
2026-09-04 23:40:41.473102+00,grow_light_main,f
2026-09-04 23:45:41.722177+00,grow_light_grow,f
2026-09-04 23:45:41.722177+00,grow_light_main,f
2026-09-04 23:50:42.125196+00,grow_light_grow,f
2026-09-04 23:50:42.125196+00,grow_light_main,f
2026-09-04 23:55:42.542363+00,grow_light_grow,f
2026-09-04 23:55:42.542363+00,grow_light_main,f
2026-09-05 00:00:42.822526+00,grow_light_grow,f
2026-09-05 00:00:42.822526+00,grow_light_main,f
2026-09-05 00:05:43.204538+00,grow_light_grow,f
2026-09-05 00:05:43.204538+00,grow_light_main,f
2026-09-05 00:10:43.502204+00,grow_light_grow,f
2026-09-05 00:10:43.502204+00,grow_light_main,f
2026-09-05 00:13:03.672217+00,fog,t
2026-09-05 00:14:48.65051+00,water_flowing,t
2026-09-05 00:15:43.841678+00,grow_light_grow,f
2026-09-05 00:15:43.841678+00,grow_light_main,f
2026-09-05 00:16:48.65002+00,water_flowing,f
2026-09-05 00:17:48.712498+00,water_flowing,t
2026-09-05 00:20:44.212695+00,grow_light_grow,f
2026-09-05 00:20:44.212695+00,grow_light_main,f
2026-09-05 00:25:44.607696+00,grow_light_grow,f
2026-09-05 00:25:44.607696+00,grow_light_main,f
2026-09-05 00:26:13.83785+00,economiser_blocked,f
2026-09-05 00:26:13.83785+00,economiser_enabled,f
2026-09-05 00:26:13.83785+00,fan_burst_active,f
2026-09-05 00:26:13.83785+00,fog_burst_active,f
2026-09-05 00:26:13.83785+00,gl_auto_mode,t
2026-09-05 00:26:13.83785+00,grow_light_grow,f
2026-09-05 00:26:13.83785+00,grow_light_main,f
2026-09-05 00:26:13.83785+00,heap_pressure_critical,f
2026-09-05 00:26:13.83785+00,heap_pressure_warning,f
2026-09-05 00:26:13.83785+00,irrigation_center_enabled,f
2026-09-05 00:26:13.83785+00,irrigation_enabled,t
2026-09-05 00:26:13.83785+00,irrigation_wall_enabled,t
2026-09-05 00:26:13.83785+00,irrigation_weather_skip,f
2026-09-05 00:26:13.83785+00,leak_detected,f
2026-09-05 00:26:13.83785+00,mister_budget_exceeded,f
2026-09-05 00:26:13.83785+00,occupancy_quiet_override_active,f
2026-09-05 00:26:13.83785+00,vent_bypass_active,f
2026-09-05 00:26:13.83785+00,water_flowing,t
2026-09-05 00:27:44.525929+00,leak_detected,t
2026-09-05 00:28:48.70631+00,water_flowing,f
2026-09-05 00:29:44.582434+00,leak_detected,f
2026-09-05 00:29:48.674674+00,water_flowing,t
2026-09-05 00:30:44.835221+00,grow_light_grow,f
2026-09-05 00:30:44.835221+00,grow_light_main,f
2026-09-05 00:32:48.662795+00,water_flowing,f
2026-09-05 00:33:44.932566+00,water_flowing,t
2026-09-05 00:33:48.674784+00,water_flowing,t
2026-09-05 00:35:45.263031+00,grow_light_grow,f
2026-09-05 00:35:45.263031+00,grow_light_main,f
2026-09-05 00:36:48.668342+00,water_flowing,f
2026-09-05 00:37:34.752762+00,fog,f
2026-09-05 00:37:48.672296+00,water_flowing,t
2026-09-05 00:38:34.762363+00,fog,t
2026-09-05 00:38:48.658659+00,water_flowing,f
2026-09-05 00:39:48.674722+00,water_flowing,t
2026-09-05 00:40:45.51292+00,grow_light_grow,f
2026-09-05 00:40:45.51292+00,grow_light_main,f
2026-09-05 00:41:48.674897+00,water_flowing,f
2026-09-05 00:42:04.77028+00,fog,f
2026-09-05 00:43:04.768581+00,fog,t
2026-09-05 00:43:48.712013+00,water_flowing,t
