source_observed_through,source_connection_generation,source_sequence,gap_requested,gap_before,gap_reason,event_count,events_sha256,receipt_sha256
2026-09-04 20:31:48.379704+00,24,1802,f,t,source_time_gap,1,eab5be2a7c6886a03123413b5c7dccc1e9bcf7da7c1c636cb94f63496db84b1f,51bbdb8b99e04753c827d466ffd40f6721805f1b3acd1f3d28e5ce57d4a3901e
2026-09-04 20:32:48.376329+00,24,1803,f,f,,1,61aa017ad842ec6d3094f4914ef5de130d6b32ca1a66614eda79a1c0d2824179,27266ff24fd5099b09da3415f295a315f71e34fc67fe28947249218f23f9ebc4
2026-09-04 20:34:48.379341+00,24,1804,f,t,source_time_gap,1,6429332dceaabeb178d2090b1a682c40d444c70458fe479b3ce7b83c7879d663,70ec3b1318a38fbc5fa2a792fbff6c723c5c3f0b7b68fdeb577a1817f2370a67
2026-09-04 20:35:48.381978+00,24,1805,f,t,source_time_gap,1,5a4d80542f44367e7a651b92893700450d4ecfd83c27dd245c737575f6b25420,c2a64a0f4dd43448a4b4c42f33db178e35d1574d4853f95d5573b6618b024fdd
2026-09-04 20:38:48.382415+00,24,1806,f,t,source_time_gap,1,ca4277d90852e87e628bdee429b97d45e2e84067602593ceee371ad8fbf04f05,8c79dc3accd7b896d34b969cc4e2f8a3a2d9035dc40e3279af432d3e473ec9c9
2026-09-04 20:39:48.38237+00,24,1807,f,f,,1,e42dc4d32cb502b019d7ac4619a8cd2ddcbea6bba4eca5b65121b6dee3d42638,63eedbcb8cce16e0939254d0b560fbf6244fb68f963dfa3e90f71f4917914e86
2026-09-04 20:42:48.389778+00,24,1808,f,t,source_time_gap,1,91bd1bee7a098245931280ab40abc74061caa786b791a167fea24918ae55bc48,901c0b99d62755a173a3a6e1981db0061cd932089960c493ecf25855978844cf
2026-09-04 20:43:48.391919+00,24,1809,f,t,source_time_gap,1,cc4ee9d5d14355d94ad47d83517df388d9505737615774c4cad4219d8dcae481,6c09db17b88e34ae0e029b0172669bc4d4e11dc1d2ae8eb4953b3f81a0c71ff5
2026-09-04 20:45:48.398363+00,24,1810,f,t,source_time_gap,1,b7d88e93943b33d9a1f27197b22e57f93f5a96dde53ef75ecd5e0a7bf6d58207,d6ec926274810454bfe73d22ea4a210e11ef92b9d7a2ec08c9f3d0be992ca725
2026-09-04 20:46:48.390286+00,24,1811,f,f,,1,9f57d6a7d3a1f526c23b4eea0cecc10ca0697c44f8b0d4466f17a57e917d8e8f,777b1a5bd2c51df7220ed5b3ba89b336c49d999078aef7eec692faa27662f179
2026-09-04 20:49:48.393956+00,24,1812,f,t,source_time_gap,1,cbf16160540cd05670ce3d11c7bc5592f9278f5abf3d71458b29d7280b98daf8,89e262f12eeb56913de44670854615f6726c51eb2f3dfa7f7b28a8655ee3e794
2026-09-04 20:50:48.375249+00,24,1813,f,f,,1,c3a1517801ea569271dddfbaa9113cbe627adfbc2f6c341b451bba2d97c15f25,aac62cd497fee2c4915c67956a98e9410926342873daebc140edd9310317b892
2026-09-04 20:52:48.395387+00,24,1814,f,t,source_time_gap,1,8291edf39de9f3aba8ba666a373e1ba774419c781d720d0b6207e0378b0e17a5,b2c58df4a880c3d73b0eba98327319f47bc8a1c5b5281cb3f0f62f8a5aa6dc13
2026-09-04 20:53:48.399042+00,24,1815,f,t,source_time_gap,1,66f515d97b114678846b4fe3557cf13e8b733a2bc551d17cce15ff150525330c,fce20adabafa2b15d336e90fc033ec736dde189eb180a8ddb6ca2c4b50d5bc9c
2026-09-04 20:56:48.402614+00,24,1816,f,t,source_time_gap,1,759cee2267121f3b7270090dbe45f68583354c04572e3ad98acd7e0feea4a733,257d6919cf1afe00a31bb726844c4e7648ef263b283b7873bd12b0c20588b59b
2026-09-04 20:57:03.386706+00,24,1817,f,f,,1,8be7ca57a1cfc3539c4a4e4850bba0557b02534dc80e981c2b589e81c8c93245,ba1aa7aafa719dc431b391453650eacbd653f087bdfeda22031093850b88bd51
2026-09-04 20:57:48.408342+00,24,1818,f,f,,1,e711a8819e69975ba1fbe2af8f280a1feca1e4c96ae02ad5dda43482a3c813db,47151c1127eecc5b9e6766bc9c21405a3e6ca0104e287650a634f5686a9e5a0e
2026-09-04 20:58:48.410309+00,24,1819,f,t,source_time_gap,1,5b672a00beb1af3ed1479744dda2e945d331662fc4c2ac2b963690eed9d6838d,ff11aa5b822be6295faddd572598c01a57c482cf64da799b47b2162f94f14d66
2026-09-04 22:21:21.486717+00,25,1820,t,t,collector_reported_gap,2,dad24dd68aa87c70f063f8ac6601fb9144c4bf8d8992a40ed3934c9a6235c273,8768e25d47b33f921c39443f7e18dfd8cb5038d47ec2c2649f39bdbdb633862a
2026-09-04 22:24:21.485076+00,25,1821,f,t,source_time_gap,2,08bf837dcdfc252d06b11d9d27863be9b43d5cb88f32a6d3017d32d7cddc00cf,11cbed14e949f73e3fbf3a48cbfde8d46221944cbd37b1b536cb05601908e889
2026-09-05 00:13:03.672217+00,28,1822,t,t,collector_reported_gap,1,684ea5e58338f60f46ce8223a8ba9f7e9a30ea81a6b6bd3263b1e77d137d4110,a566ff87b2706a9f8315b8b4b113686ed95b8cd80b21349234452993b41f29ad
2026-09-05 00:14:48.65051+00,28,1823,f,t,source_time_gap,1,1954be3d8642012094746af7b11a6c3be2178c48aa58b10e77832d43119b3009,ff9370aa8c04a94cc8146038182a49790d96b1116a37c0283a4804b6875a2881
2026-09-05 00:16:48.65002+00,28,1824,f,t,source_time_gap,1,a6c1915a0759c646e0bc2bf683fdeb3a359b533d7c939e825eda5c99b6614bba,cad4a41b1c13910067847f53228501ecf1701d29736dfef39f76a8c38e9304dc
2026-09-05 00:17:48.712498+00,28,1825,f,t,source_time_gap,1,8d93e367f24419d2838aeda7e478212789c65b558e545c939b73ffdbf9476b02,6c76b6ecc67c4a56d0d7426d0e91b500d261ecf0c2a9db12f3d3e8a7430b6a44
2026-09-05 00:28:48.70631+00,29,1826,t,t,collector_reported_gap,1,fbee2f7c11b030633c65867fcc8bf32155d810a1cd5df1a6e2916f130a8aac18,e688bc60d608b83fdf20fb6acb73e7b27db379502e7b88d137a0f63c49692b38
2026-09-05 00:29:48.674674+00,29,1827,f,f,,1,8d170f69d46de1bb4184f9adb9d7c9ab6011b484b7a61dc66894c7cbefb3ffe8,7a8a9751b971d632be8a5e4ea36de3a170059994890ed44a425aaca4aeaee75e
2026-09-05 00:32:48.662795+00,29,1828,f,t,source_time_gap,1,6222cdf5e9be0bb8387d253134ce82e798896a7379ac888c8c908fff99f9760d,1dee1753f68d566ca41eb8fd774067e0d1a80376a0f23b9eeb3550c9948079c7
2026-09-05 00:33:48.674784+00,29,1829,f,t,source_time_gap,1,519f0abea191d0993d9290fe28b35cfa1deb4ec24af285be9bafb1f173fc672e,52313c73dd39d87478e729613df0c210047fd3e9c0c26da47111ba9d15b9a9bb
2026-09-05 00:36:48.668342+00,29,1830,f,t,source_time_gap,1,1e0ee5b047c01b1e501e7979afadd38930f9f17675b3c6d12122eba8ae51fd77,0abe1f766798974ad13234fbf30f2eb755ac9007853e108d68cdb51a966e2232
2026-09-05 00:37:34.752762+00,29,1831,f,f,,1,934a9af42597b34d7ca68d2941653f3fabd465f2bba817326fe3b56b0987a97c,46b843c3d8b2d8a06cd8974c2ef53420f10436f34833a0968f18b7106afa3173
2026-09-05 00:37:48.672296+00,29,1832,f,f,,1,094e0fd513e07bd06e3d9cca721c3b3844ddce35fb9d9ade858fbb03aee37c31,92db34d73196455a05b803d1a83719f80bb2db1c3a2da8c843d7ba24f8e5e467
2026-09-05 00:38:34.762363+00,29,1833,f,f,,1,e183b279a7919489ec7c522d28aceccb926913b2d4b4f2bc2cb55ec66bf3f82c,3f59d96fe0f4b1a6a2bbfaf909203ed2f3e2febb8a3d061849650cfcfda0d3d4
2026-09-05 00:38:48.658659+00,29,1834,f,f,,1,9ade7b5f138db320cfba4b5d56bd7704db1abbc9f895d78da95691536aa77d61,7a252eabf7f3624fc037ef3e973ae3bc53393100961da101dd592269ab761bc9
2026-09-05 00:39:48.674722+00,29,1835,f,t,source_time_gap,1,3180dd80258fab398de5b798f51deef57e28b628f1f2a9460666bcff466c4ad8,d770c93272db4673e90a1b6bb6426b47ba5416d2e529e5f33e8091f84cea4edc
2026-09-05 00:41:48.674897+00,29,1836,f,t,source_time_gap,1,ba73a6f32d1a61032eb2a670349ee74ffa9a6cafd44f7e59663ac6b2a320405d,40682cddc4c3564a636d7206ad2a5b75e40848188e5a0b1028e9e16ef4f00692
2026-09-05 00:42:04.77028+00,29,1837,f,f,,1,40869720c51416988ebbc0b499d878099567871a8bb4c376606a998f13e76f0e,4e62e0b2a01f1f531bf5d21a3091a1ef544a0a9f54ae7e8cd97ec129126321fc
2026-09-05 00:43:04.768581+00,29,1838,f,f,,1,1996a9462bb751ff65efe47e0bc81ec4a24aa627e6121752e386b3ffbfb5dafc,76237e2f9cad1625bb6d79c5692e6fe7b0462bae037986ab2b566a5fddce7fd6
2026-09-05 00:43:48.712013+00,29,1839,f,f,,1,1fed074d11937c10ed99ebe2543195dd45cd9fa0d3764926a226408fcd2f365a,dfce754f01682610f88e86ca028ccc428501854cd1a1afe5c2b48d8d1a565019
