ts,entity,value
2026-09-04 20:30:28.302951+00,occupancy_source,ha_sensor_sync
2026-09-04 20:30:28.320867+00,occupancy,empty
2026-09-04 20:30:28.327828+00,occupancy_timeout_reason,released:ha_sensor_sync
2026-09-04 20:35:28.585881+00,occupancy_source,ha_sensor_sync
2026-09-04 20:35:28.596911+00,occupancy,empty
2026-09-04 20:35:28.601954+00,occupancy_timeout_reason,released:ha_sensor_sync
2026-09-04 20:40:29.032001+00,occupancy_source,ha_sensor_sync
2026-09-04 20:40:29.039631+00,occupancy,empty
2026-09-04 20:40:29.043587+00,occupancy_timeout_reason,released:ha_sensor_sync
2026-09-04 20:45:29.274523+00,occupancy_source,ha_sensor_sync
2026-09-04 20:45:29.288517+00,occupancy,empty
2026-09-04 20:45:29.29278+00,occupancy_timeout_reason,released:ha_sensor_sync
2026-09-04 20:50:31.466086+00,occupancy_source,ha_sensor_sync
2026-09-04 20:50:31.477472+00,occupancy,empty
2026-09-04 20:50:31.482082+00,occupancy_timeout_reason,released:ha_sensor_sync
2026-09-04 20:55:29.935537+00,occupancy_source,ha_sensor_sync
2026-09-04 20:55:29.943355+00,occupancy,empty
2026-09-04 20:55:29.947569+00,occupancy_timeout_reason,released:ha_sensor_sync
2026-09-04 20:57:04.437627+00,fog_block_reason,vent_interlock
2026-09-04 20:57:04.437627+00,vent_mist_assist_status,inactive
2026-09-04 21:00:30.484826+00,occupancy_source,ha_sensor_sync
2026-09-04 21:00:30.504663+00,occupancy,empty
2026-09-04 21:00:30.510185+00,occupancy_timeout_reason,released:ha_sensor_sync
2026-09-04 21:05:04.421949+00,climate_moisture_assist_state,engage_delay
2026-09-04 21:05:30.700914+00,occupancy_source,ha_sensor_sync
2026-09-04 21:05:30.710883+00,occupancy,empty
2026-09-04 21:05:30.715764+00,occupancy_timeout_reason,released:ha_sensor_sync
2026-09-04 21:05:39.76023+00,climate_next_mist_eligible_s,60
2026-09-04 21:10:31.139014+00,occupancy_source,ha_sensor_sync
2026-09-04 21:10:31.153598+00,occupancy,empty
2026-09-04 21:10:31.159907+00,occupancy_timeout_reason,released:ha_sensor_sync
2026-09-04 21:15:31.449985+00,occupancy_source,ha_sensor_sync
2026-09-04 21:15:31.463282+00,occupancy,empty
2026-09-04 21:15:31.468548+00,occupancy_timeout_reason,released:ha_sensor_sync
2026-09-04 21:20:31.922247+00,occupancy_source,ha_sensor_sync
2026-09-04 21:20:31.932085+00,occupancy,empty
2026-09-04 21:20:31.936445+00,occupancy_timeout_reason,released:ha_sensor_sync
2026-09-04 21:25:32.045102+00,occupancy_source,ha_sensor_sync
2026-09-04 21:25:32.054134+00,occupancy,empty
2026-09-04 21:25:32.058408+00,occupancy_timeout_reason,released:ha_sensor_sync
2026-09-04 21:30:32.455959+00,occupancy_source,ha_sensor_sync
2026-09-04 21:30:32.466704+00,occupancy,empty
2026-09-04 21:30:32.470579+00,occupancy_timeout_reason,released:ha_sensor_sync
2026-09-04 21:35:32.680884+00,occupancy_source,ha_sensor_sync
2026-09-04 21:35:32.68769+00,occupancy,empty
2026-09-04 21:35:32.691063+00,occupancy_timeout_reason,released:ha_sensor_sync
2026-09-04 21:40:33.107159+00,occupancy_source,ha_sensor_sync
2026-09-04 21:40:33.116707+00,occupancy,empty
2026-09-04 21:40:33.120834+00,occupancy_timeout_reason,released:ha_sensor_sync
2026-09-04 21:45:33.321049+00,occupancy_source,ha_sensor_sync
2026-09-04 21:45:33.329636+00,occupancy,empty
2026-09-04 21:45:33.334143+00,occupancy_timeout_reason,released:ha_sensor_sync
2026-09-04 21:50:33.77144+00,occupancy_source,ha_sensor_sync
2026-09-04 21:50:33.782583+00,occupancy,empty
2026-09-04 21:50:33.785958+00,occupancy_timeout_reason,released:ha_sensor_sync
2026-09-04 21:55:34.138346+00,occupancy_source,ha_sensor_sync
2026-09-04 21:55:34.146784+00,occupancy,empty
2026-09-04 21:55:34.151016+00,occupancy_timeout_reason,released:ha_sensor_sync
2026-09-04 22:00:34.511815+00,occupancy_source,ha_sensor_sync
2026-09-04 22:00:34.524821+00,occupancy,empty
2026-09-04 22:00:34.529265+00,occupancy_timeout_reason,released:ha_sensor_sync
2026-09-04 22:05:34.784993+00,occupancy_source,ha_sensor_sync
2026-09-04 22:05:34.793939+00,occupancy,empty
2026-09-04 22:05:34.79797+00,occupancy_timeout_reason,released:ha_sensor_sync
2026-09-04 22:10:35.181778+00,occupancy_source,ha_sensor_sync
2026-09-04 22:10:35.192204+00,occupancy,empty
2026-09-04 22:10:35.197048+00,occupancy_timeout_reason,released:ha_sensor_sync
2026-09-04 22:14:34.488339+00,climate_moisture_assist_state,blocked
2026-09-04 22:14:48.833253+00,climate_next_mist_eligible_s,none
2026-09-04 22:15:35.482166+00,occupancy_source,ha_sensor_sync
2026-09-04 22:15:35.491602+00,occupancy,empty
2026-09-04 22:15:35.496181+00,occupancy_timeout_reason,released:ha_sensor_sync
2026-09-04 22:20:35.898824+00,occupancy_source,ha_sensor_sync
2026-09-04 22:20:35.915609+00,occupancy,empty
2026-09-04 22:20:35.922327+00,occupancy_timeout_reason,released:ha_sensor_sync
2026-09-04 22:25:36.155659+00,occupancy_source,ha_sensor_sync
2026-09-04 22:25:36.164315+00,occupancy,empty
2026-09-04 22:25:36.169738+00,occupancy_timeout_reason,released:ha_sensor_sync
2026-09-04 22:30:36.639668+00,occupancy_source,ha_sensor_sync
2026-09-04 22:30:36.649334+00,occupancy,empty
2026-09-04 22:30:36.653049+00,occupancy_timeout_reason,released:ha_sensor_sync
2026-09-04 22:35:36.876432+00,occupancy_source,ha_sensor_sync
2026-09-04 22:35:36.886473+00,occupancy,empty
2026-09-04 22:35:36.890727+00,occupancy_timeout_reason,released:ha_sensor_sync
2026-09-04 22:40:37.248231+00,occupancy_source,ha_sensor_sync
2026-09-04 22:40:37.271819+00,occupancy,empty
2026-09-04 22:40:37.278024+00,occupancy_timeout_reason,released:ha_sensor_sync
2026-09-04 22:45:37.763703+00,occupancy_source,ha_sensor_sync
2026-09-04 22:45:37.780283+00,occupancy,empty
2026-09-04 22:45:37.78507+00,occupancy_timeout_reason,released:ha_sensor_sync
2026-09-04 22:50:37.954804+00,occupancy_source,ha_sensor_sync
2026-09-04 22:50:37.962381+00,occupancy,empty
2026-09-04 22:50:37.966971+00,occupancy_timeout_reason,released:ha_sensor_sync
2026-09-04 22:55:38.360142+00,occupancy_source,ha_sensor_sync
2026-09-04 22:55:38.371171+00,occupancy,empty
2026-09-04 22:55:38.376374+00,occupancy_timeout_reason,released:ha_sensor_sync
2026-09-04 23:00:38.76573+00,occupancy_source,ha_sensor_sync
2026-09-04 23:00:38.814898+00,occupancy,empty
2026-09-04 23:00:38.871979+00,occupancy_timeout_reason,released:ha_sensor_sync
2026-09-04 23:05:39.073904+00,occupancy_source,ha_sensor_sync
2026-09-04 23:05:39.086468+00,occupancy,empty
2026-09-04 23:05:39.091313+00,occupancy_timeout_reason,released:ha_sensor_sync
2026-09-04 23:10:39.496844+00,occupancy_source,ha_sensor_sync
2026-09-04 23:10:39.507842+00,occupancy,empty
2026-09-04 23:10:39.512418+00,occupancy_timeout_reason,released:ha_sensor_sync
2026-09-04 23:15:39.846888+00,occupancy_source,ha_sensor_sync
2026-09-04 23:15:39.856377+00,occupancy,empty
2026-09-04 23:15:39.863222+00,occupancy_timeout_reason,released:ha_sensor_sync
2026-09-04 23:20:40.154709+00,occupancy_source,ha_sensor_sync
2026-09-04 23:20:40.165978+00,occupancy,empty
2026-09-04 23:20:40.171723+00,occupancy_timeout_reason,released:ha_sensor_sync
2026-09-04 23:25:40.454111+00,occupancy_source,ha_sensor_sync
2026-09-04 23:25:40.463044+00,occupancy,empty
2026-09-04 23:25:40.467169+00,occupancy_timeout_reason,released:ha_sensor_sync
2026-09-04 23:30:40.833655+00,occupancy_source,ha_sensor_sync
2026-09-04 23:30:40.843929+00,occupancy,empty
2026-09-04 23:30:40.848089+00,occupancy_timeout_reason,released:ha_sensor_sync
2026-09-04 23:35:41.080106+00,occupancy_source,ha_sensor_sync
2026-09-04 23:35:41.087792+00,occupancy,empty
2026-09-04 23:35:41.091556+00,occupancy_timeout_reason,released:ha_sensor_sync
2026-09-04 23:40:41.488391+00,occupancy_source,ha_sensor_sync
2026-09-04 23:40:41.497498+00,occupancy,empty
2026-09-04 23:40:41.501078+00,occupancy_timeout_reason,released:ha_sensor_sync
2026-09-04 23:45:41.767526+00,occupancy_source,ha_sensor_sync
2026-09-04 23:45:41.777602+00,occupancy,empty
2026-09-04 23:45:41.7821+00,occupancy_timeout_reason,released:ha_sensor_sync
2026-09-04 23:50:42.166467+00,occupancy_source,ha_sensor_sync
2026-09-04 23:50:42.174539+00,occupancy,empty
2026-09-04 23:50:42.178508+00,occupancy_timeout_reason,released:ha_sensor_sync
2026-09-04 23:55:42.607244+00,occupancy_source,ha_sensor_sync
2026-09-04 23:55:42.616864+00,occupancy,empty
2026-09-04 23:55:42.621779+00,occupancy_timeout_reason,released:ha_sensor_sync
2026-09-05 00:00:42.838685+00,occupancy_source,ha_sensor_sync
2026-09-05 00:00:42.846586+00,occupancy,empty
2026-09-05 00:00:42.850141+00,occupancy_timeout_reason,released:ha_sensor_sync
2026-09-05 00:05:43.243177+00,occupancy_source,ha_sensor_sync
2026-09-05 00:05:43.25242+00,occupancy,empty
2026-09-05 00:05:43.256504+00,occupancy_timeout_reason,released:ha_sensor_sync
2026-09-05 00:10:43.540692+00,occupancy_source,ha_sensor_sync
2026-09-05 00:10:43.549732+00,occupancy,empty
2026-09-05 00:10:43.553719+00,occupancy_timeout_reason,released:ha_sensor_sync
2026-09-05 00:13:08.176683+00,fog_block_reason,served
2026-09-05 00:13:08.176683+00,vent_mist_assist_status,served
2026-09-05 00:15:43.875537+00,occupancy_source,ha_sensor_sync
2026-09-05 00:15:43.883363+00,occupancy,empty
2026-09-05 00:15:43.888007+00,occupancy_timeout_reason,released:ha_sensor_sync
2026-09-05 00:20:44.22883+00,occupancy_source,ha_sensor_sync
2026-09-05 00:20:44.239337+00,occupancy,empty
2026-09-05 00:20:44.244121+00,occupancy_timeout_reason,released:ha_sensor_sync
2026-09-05 00:25:44.659306+00,occupancy_source,ha_sensor_sync
2026-09-05 00:25:44.670367+00,occupancy,empty
2026-09-05 00:25:44.674885+00,occupancy_timeout_reason,released:ha_sensor_sync
2026-09-05 00:30:44.870681+00,occupancy_source,ha_sensor_sync
2026-09-05 00:30:44.880132+00,occupancy,empty
2026-09-05 00:30:44.884604+00,occupancy_timeout_reason,released:ha_sensor_sync
2026-09-05 00:35:45.311476+00,occupancy_source,ha_sensor_sync
2026-09-05 00:35:45.321329+00,occupancy,empty
2026-09-05 00:35:45.325225+00,occupancy_timeout_reason,released:ha_sensor_sync
2026-09-05 00:37:39.573035+00,fog_block_reason,none
2026-09-05 00:37:39.573035+00,vent_mist_assist_status,blocked:below_threshold
2026-09-05 00:38:35.966529+00,fog_block_reason,served
2026-09-05 00:38:35.966529+00,vent_mist_assist_status,served
2026-09-05 00:40:45.545035+00,occupancy_source,ha_sensor_sync
2026-09-05 00:40:45.553165+00,occupancy,empty
2026-09-05 00:40:45.556586+00,occupancy_timeout_reason,released:ha_sensor_sync
2026-09-05 00:42:06.96112+00,fog_block_reason,none
2026-09-05 00:42:06.96112+00,vent_mist_assist_status,blocked:below_threshold
2026-09-05 00:43:08.355666+00,fog_block_reason,served
2026-09-05 00:43:08.355666+00,vent_mist_assist_status,served
