ts,source,meter_id,event_type,prior_total_gal,total_gal,delta_gal,quality_flag,prior_ts,attribution_class,attributed_scope,candidate_relays,attribution_quality
2026-09-04 20:30:30.128567+00,climate.water_total_gal,main_pulse,delta,579,580,1,ok,2026-09-04 20:29:26.196985+00,meter_attributed,climate_wetting,{fog},ok
2026-09-04 20:31:34.467666+00,climate.water_total_gal,main_pulse,delta,580,581,1,ok,2026-09-04 20:30:30.128567+00,meter_attributed,climate_wetting,{fog},ok
2026-09-04 20:33:43.415068+00,climate.water_total_gal,main_pulse,delta,581,582,1,ok,2026-09-04 20:32:38.889636+00,meter_attributed,climate_wetting,{fog},ok
2026-09-04 20:34:47.795642+00,climate.water_total_gal,main_pulse,delta,582,583,1,ok,2026-09-04 20:33:43.415068+00,meter_attributed,climate_wetting,{fog},ok
2026-09-04 20:35:52.680562+00,climate.water_total_gal,main_pulse,delta,583,584,1,ok,2026-09-04 20:34:47.795642+00,meter_attributed,climate_wetting,{fog},ok
2026-09-04 20:36:57.142651+00,climate.water_total_gal,main_pulse,delta,584,585,1,ok,2026-09-04 20:35:52.680562+00,meter_attributed,climate_wetting,{fog},ok
2026-09-04 20:38:01.905576+00,climate.water_total_gal,main_pulse,delta,585,586,1,ok,2026-09-04 20:36:57.142651+00,meter_attributed,climate_wetting,{fog},ok
2026-09-04 20:40:11.549348+00,climate.water_total_gal,main_pulse,delta,586,587,1,ok,2026-09-04 20:39:06.801533+00,meter_attributed,climate_wetting,{fog},ok
2026-09-04 20:41:11.832423+00,climate.water_total_gal,main_pulse,delta,587,588,1,ok,2026-09-04 20:40:11.549348+00,meter_attributed,climate_wetting,{fog},ok
2026-09-04 20:42:16.589871+00,climate.water_total_gal,main_pulse,delta,588,589,1,ok,2026-09-04 20:41:11.832423+00,meter_attributed,climate_wetting,{fog},ok
2026-09-04 20:44:24.542642+00,climate.water_total_gal,main_pulse,delta,589,590,1,ok,2026-09-04 20:43:20.595135+00,meter_attributed,climate_wetting,{fog},ok
2026-09-04 20:45:28.844516+00,climate.water_total_gal,main_pulse,delta,590,591,1,ok,2026-09-04 20:44:24.542642+00,meter_attributed,climate_wetting,{fog},ok
2026-09-04 20:47:37.65221+00,climate.water_total_gal,main_pulse,delta,591,592,1,ok,2026-09-04 20:46:33.18875+00,meter_attributed,climate_wetting,{fog},ok
2026-09-04 20:48:38.168638+00,climate.water_total_gal,main_pulse,delta,592,593,1,ok,2026-09-04 20:47:37.65221+00,meter_attributed,climate_wetting,{fog},ok
2026-09-04 20:49:43.040958+00,climate.water_total_gal,main_pulse,delta,593,594,1,ok,2026-09-04 20:48:38.168638+00,meter_attributed,climate_wetting,{fog},ok
2026-09-04 20:51:48.099142+00,climate.water_total_gal,main_pulse,delta,594,595,1,ok,2026-09-04 20:50:47.77238+00,meter_attributed,climate_wetting,{fog},ok
2026-09-04 20:52:52.381684+00,climate.water_total_gal,main_pulse,delta,595,596,1,ok,2026-09-04 20:51:48.099142+00,meter_attributed,climate_wetting,{fog},ok
2026-09-04 20:53:56.636818+00,climate.water_total_gal,main_pulse,delta,596,597,1,ok,2026-09-04 20:52:52.381684+00,meter_attributed,climate_wetting,{fog},ok
2026-09-04 20:55:00.72757+00,climate.water_total_gal,main_pulse,delta,597,598,1,ok,2026-09-04 20:53:56.636818+00,meter_attributed,climate_wetting,{fog},ok
2026-09-04 20:56:04.98864+00,climate.water_total_gal,main_pulse,delta,598,599,1,ok,2026-09-04 20:55:00.72757+00,meter_attributed,climate_wetting,{fog},ok
2026-09-04 20:58:14.229315+00,climate.water_total_gal,main_pulse,delta,599,600,1,ok,2026-09-04 20:57:09.770906+00,manual_or_unattributed,,{},ok
2026-09-05 00:15:25.755806+00,climate.water_total_gal,main_pulse,delta,600,601,1,ok,2026-09-05 00:14:24.57613+00,meter_attributed,climate_wetting,{fog},ok
2026-09-05 00:16:27.556125+00,climate.water_total_gal,main_pulse,delta,601,602,1,ok,2026-09-05 00:15:25.755806+00,meter_attributed,climate_wetting,{fog},ok
2026-09-05 00:18:30.067722+00,climate.water_total_gal,main_pulse,delta,602,603,1,ok,2026-09-05 00:17:28.906702+00,meter_attributed,climate_wetting,{fog},ok
2026-09-05 00:26:39.846701+00,climate.water_total_gal,main_pulse,delta,603,609,6,ok,2026-09-05 00:25:38.139851+00,meter_attributed,climate_wetting,{fog},ok
2026-09-05 00:27:40.838602+00,climate.water_total_gal,main_pulse,delta,609,610,1,ok,2026-09-05 00:26:39.846701+00,meter_attributed,climate_wetting,{fog},ok
2026-09-05 00:28:41.987272+00,climate.water_total_gal,main_pulse,delta,610,611,1,ok,2026-09-05 00:27:40.838602+00,meter_attributed,climate_wetting,{fog},ok
2026-09-05 00:30:44.338745+00,climate.water_total_gal,main_pulse,delta,611,612,1,ok,2026-09-05 00:29:43.355257+00,meter_attributed,climate_wetting,{fog},ok
2026-09-05 00:31:46.058579+00,climate.water_total_gal,main_pulse,delta,612,613,1,ok,2026-09-05 00:30:44.338745+00,meter_attributed,climate_wetting,{fog},ok
2026-09-05 00:32:48.210053+00,climate.water_total_gal,main_pulse,delta,613,614,1,ok,2026-09-05 00:31:46.058579+00,meter_attributed,climate_wetting,{fog},ok
2026-09-05 00:33:49.858094+00,climate.water_total_gal,main_pulse,delta,614,615,1,ok,2026-09-05 00:32:48.210053+00,meter_attributed,climate_wetting,{fog},ok
2026-09-05 00:34:51.001461+00,climate.water_total_gal,main_pulse,delta,615,616,1,ok,2026-09-05 00:33:49.858094+00,meter_attributed,climate_wetting,{fog},ok
2026-09-05 00:35:52.125664+00,climate.water_total_gal,main_pulse,delta,616,617,1,ok,2026-09-05 00:34:51.001461+00,meter_attributed,climate_wetting,{fog},ok
2026-09-05 00:37:54.909246+00,climate.water_total_gal,main_pulse,delta,617,618,1,ok,2026-09-05 00:36:53.359428+00,meter_attributed,climate_wetting,{fog},ok
2026-09-05 00:39:58.279946+00,climate.water_total_gal,main_pulse,delta,618,619,1,ok,2026-09-05 00:38:56.576285+00,meter_attributed,climate_wetting,{fog},ok
2026-09-05 00:40:59.413071+00,climate.water_total_gal,main_pulse,delta,619,620,1,ok,2026-09-05 00:39:58.279946+00,meter_attributed,climate_wetting,{fog},ok
2026-09-05 00:44:04.553764+00,climate.water_total_gal,main_pulse,delta,620,621,1,ok,2026-09-05 00:43:02.630748+00,meter_attributed,climate_wetting,{fog},ok
